Workbook

Sheet PC SETTING
A1: PC | B1: NO | C1: NOPOL | D1: TERMINAL | E1: PC
A2: 1 | B2: 1 | C2: AD 9780 AB | D2: TLPG LOMBOK | E2: 1
B3: 2 | C3: AE 8018 UG | D3: TLPG TJ PERAK | E3: 1
B4: 3 | C4: AE 8099 UT | D4: TLPG TJ PERAK | E4: 1
B5: 4 | C5: AE 8175 UC | D5: TLPG TJ PERAK | E5: 1
B6: 5 | C6: AE 8458 UF | D6: TLPG TJ PERAK | E6: 1
B7: 6 | C7: AE 8459 UF | D7: TLPG TJ PERAK | E7: 1
B8: 7 | C8: AE 8518 UJ | D8: TLPG TJ PERAK | E8: 1
B9: 8 | C9: AE 8546 UJ | D9: TLPG TJ PERAK | E9: 1
B10: 9 | C10: AE 8639 UP | D10: TLPG TJ PERAK | E10: 1
B11: 10 | C11: AE 8641 UP | D11: TLPG TJ PERAK | E11: 1
B12: 11 | C12: AE 8642 UP | D12: TLPG TJ PERAK | E12: 1
B13: 12 | C13: AE 9061 UJ | D13: TLPG TJ PERAK | E13: 1
B14: 13 | C14: AE 8835 UQ | D14: TLPG TJ PERAK | E14: 1
... B29: 28 | C29: S 8316 AI | D29: TLPG TJ PERAK | E29: 1
A30: 2 | B30: 1 | C30: AD 9838 AB | D30: TLPG LOMBOK | E30: 2
B31: 2 | C31: AD 9877 AB | D31: TLPG LOMBOK | E31: 2
B32: 3 | C32: AE 8845 UT | D32: TLPG TJ PERAK | E32: 2
B33: 4 | C33: AE 8846 UT | D33: TLPG TJ PERAK | E33: 2
B34: 5 | C34: AE 8857 UT | D34: TLPG TJ PERAK | E34: 2
B35: 6 | C35: AE 9401 UJ | D35: TLPG TJ PERAK | E35: 2
B36: 7 | C36: AE 8828 UQ | D36: TLPG TJ PERAK | E36: 2
B37: 8 | C37: AE 9634 UJ | D37: TLPG TJ PERAK | E37: 2
B38: 9 | C38: AG 8016 UC | D38: TLPG TJ PERAK | E38: 2
B39: 10 | C39: AG 8032 YQ | D39: TLPG TJ PERAK | E39: 2
B40: 11 | C40: AG 8070 UW | D40: TLPG TJ PERAK | E40: 2
B41: 12 | C41: AG 9312 UW | D41: TLPG TJ PERAK | E41: 2
B42: 13 | C42: B 9098 SEI | D42: TLPG MEM GRESIK | E42: 2
... B57: 28 | C57: P 8172 UF | D57: TLPG TJ WANGI | E57: 2
A58: 3 | B58: 1 | C58: AG 8079 UZ | D58: TLPG TJ PERAK | E58: 3
B59: 2 | C59: AG 8086 UF | D59: TLPG TJ PERAK | E59: 3
B60: 3 | C60: AG 8087 UF | D60: TLPG TJ PERAK | E60: 3
B61: 4 | C61: AG 8088 UF | D61: TLPG TJ PERAK | E61: 3
B62: 5 | C62: AG 8106 UC | D62: TLPG TJ PERAK | E62: 3
B63: 6 | C63: AG 8126 UF | D63: TLPG TJ PERAK | E63: 3
B64: 7 | C64: AG 8128 UF | D64: TLPG TJ PERAK | E64: 3
B65: 8 | C65: AG 8129 UF | D65: TLPG TJ PERAK | E65: 3
B66: 9 | C66: AG 8152 UL | D66: TLPG TJ PERAK | E66: 3
B67: 10 | C67: AG 8225 UG | D67: TLPG TJ PERAK | E67: 3
B68: 11 | C68: AG 8263 UW | D68: TLPG TJ PERAK | E68: 3
B69: 12 | C69: AG 8374 UG | D69: TLPG TJ PERAK | E69: 3
B70: 13 | C70: AG 8380 KL | D70: TLPG TJ PERAK | E70: 3
... B84: 27 | C84: P 8277 UG | D84: TLPG TJ WANGI | E84: 3
A85: 4 | B85: 1 | C85: AG 8223 LB | D85: TLPG TJ PERAK | E85: 4
B86: 2 | C86: AG 8654 UZ | D86: TLPG TJ PERAK | E86: 4
B87: 3 | C87: AG 8701 UO | D87: TLPG TJ PERAK | E87: 4
B88: 4 | C88: AG 8702 UO | D88: TLPG TJ PERAK | E88: 4
B89: 5 | C89: AG 8717 UO | D89: TLPG TJ PERAK | E89: 4
B90: 6 | C90: AG 8817 UK | D90: TLPG TJ PERAK | E90: 4
B91: 7 | C91: AG 8817 UT | D91: TLPG TJ PERAK | E91: 4
B92: 8 | C92: AG 8818 UK | D92: TLPG TJ PERAK | E92: 4
B93: 9 | C93: AG 8818 UT | D93: TLPG TJ PERAK | E93: 4
B94: 10 | C94: B 9088 SEI | D94: TLPG MEM GRESIK | E94: 4
B95: 11 | C95: B 9882 SFU | D95: TLPG MEM GRESIK | E95: 4
B96: 12 | C96: B 9883 SFU | D96: TLPG MEM GRESIK | E96: 4
B97: 13 | C97: DK 8148 TS | D97: TLPG MANGGIS | E97: 4
... B112: 28 | C112: W 9170 PD | D112: TLPG TJ PERAK | E112: 4
A113: 5 | B113: 1 | C113: AE 8527 UJ | D113: TLPG TJ PERAK | E113: 5
B114: 2 | C114: AE 8858 UT | D114: TLPG TJ PERAK | E114: 5
B115: 3 | C115: AG 8115 UC | D115: TLPG TJ PERAK | E115: 5
B116: 4 | C116: AG 8893 YK | D116: TLPG TJ PERAK | E116: 5
B117: 5 | C117: AG 9151 UL | D117: TLPG TJ PERAK | E117: 5
B118: 6 | C118: AG 9153 UR | D118: TLPG TJ PERAK | E118: 5
B119: 7 | C119: AG 9753 UB | D119: TLPG TJ PERAK | E119: 5
B120: 8 | C120: B 9717 SFU | D120: TLPG MEM GRESIK | E120: 5
B121: 9 | C121: B 9881 SFU | D121: TLPG MEM GRESIK | E121: 5
B122: 10 | C122: DK 8198 BK | D122: TLPG MANGGIS | E122: 5
B123: 11 | C123: DK 8203 KO | D123: TLPG MANGGIS | E123: 5
B124: 12 | C124: DK 8204 KO | D124: TLPG MANGGIS | E124: 5
B125: 13 | C125: DK 8859 CK | D125: TLPG MANGGIS | E125: 5
... B139: 27 | C139: P 8016 UW | D139: TLPG TJ WANGI | E139: 5
A140: 6 | B140: 1 | C140: AE 8850 UT | D140: TLPG TJ PERAK | E140: 6
B141: 2 | C141: AG 8828 UW | D141: TLPG TJ PERAK | E141: 6
B142: 3 | C142: B 9123 SEI | D142: TLPG MEM GRESIK | E142: 6
B143: 4 | C143: DK 8236 GH | D143: TLPG MANGGIS | E143: 6
B144: 5 | C144: DK 8268 HH | D144: TLPG MANGGIS | E144: 6
B145: 6 | C145: DK 8285 DT | D145: TLPG MANGGIS | E145: 6
B146: 7 | C146: DR 8481 KO | D146: TLPG LOMBOK | E146: 6
B147: 8 | C147: DR 8527 KC | D147: TLPG LOMBOK | E147: 6
B148: 9 | C148: L 8088 UO | D148: TLPG MEM GRESIK | E148: 6
B149: 10 | C149: L 8088 UZ | D149: TLPG MEM GRESIK | E149: 6
B150: 11 | C150: L 8099 UR | D150: TLPG MEM GRESIK | E150: 6
B151: 12 | C151: L 8121 UUA | D151: TLPG MEM GRESIK | E151: 6
B152: 13 | C152: L 8892 UU | D152: TLPG TJ PERAK | E152: 6
... B166: 27 | C166: W 8729 QD | D166: TLPG TJ PERAK | E166: 6
A167: 7 | B167: 1 | C167: AE 8086 UT | D167: TLPG TJ PERAK | E167: 7
B168: 2 | C168: DK 8117 FS | D168: TLPG MANGGIS | E168: 7
B169: 3 | C169: DK 8302 HF | D169: TLPG MANGGIS | E169: 7
B170: 4 | C170: DK 8352 GZ | D170: TLPG MANGGIS | E170: 7
B171: 5 | C171: DR 8304 WZ | D171: TLPG BIMA | E171: 7
B172: 6 | C172: DR 8528 KC | D172: TLPG LOMBOK | E172: 7
B173: 7 | C173: DR 8542 AG | D173: TLPG LOMBOK | E173: 7
B174: 8 | C174: L 8192 UX | D174: TLPG MEM GRESIK | E174: 7
B175: 9 | C175: L 8303 UDD | D175: TLPG MEM GRESIK | E175: 7
B176: 10 | C176: L 9552 UW | D176: TLPG MEM GRESIK | E176: 7
B177: 11 | C177: M 8010 UB | D177: TLPG TJ PERAK | E177: 7
B178: 12 | C178: M 8016 UV | D178: TLPG TJ PERAK | E178: 7
B179: 13 | C179: M 8025 UN | D179: TLPG TJ PERAK | E179: 7
... B194: 28 | C194: B 9070 SEJ | D194: TLPG TJ WANGI | E194: 7
A195: 8 | B195: 1 | C195: B 9158 SFW | D195: TLPG MEM GRESIK | E195: 8
...

Sheet SETTING ROTASI
A1: =IFERROR(__xludf.DUMMYFUNCTION("{""DATA BARU"",""TERMINAL"",""PC AWAL"";FILTER({'PC SETTING'!C2:C23550,'PC SETTING'!D2:D23550,'PC SETTING'!E2:E23550},'PC SETTING'!C2:C23550<>"""")}"),"DATA BARU") -> DATA BARU | B1: =IFERROR(__xludf.DUMMYFUNCTION("""COMPUTED_VALUE"""),"TERMINAL") -> TERMINAL | C1: =IFERROR(__xludf.DUMMYFUNCTION("""COMPUTED_VALUE"""),"PC AWAL") -> PC AWAL | D1: PC AKHIR | E1: PERUSAHAAN | G1: NO | H1: NOPOL | I1: TERMINAL | J1: PC | L1: =IFERROR(__xludf.DUMMYFUNCTION("{""NO"",""DATA BARU"",""TERMINAL"",""PC"";{SEQUENCE(COUNTIF($D$2:$D23550,1)),FILTER($A$2:$A23550,$D$2:$D23550=1),FILTER($B$2:$B23550,$D$2:$D23550=1),FILTER($D$2:$D23550,$D$2:$D23550=1)}}"),"NO") -> NO | M1: =IFERROR(__xludf.DUMMYFUNCTION("""COMPUTED_VALUE"""),"DATA BARU") -> DATA BARU | N1: =IFERROR(__xludf.DUMMYFUNCTION("""COMPUTED_VALUE"""),"TERMINAL") -> TERMINAL | O1: =IFERROR(__xludf.DUMMYFUNCTION("""COMPUTED_VALUE"""),"PC") -> PC | P1: KETERANGAN | R1: =IFERROR(__xludf.DUMMYFUNCTION("{""NO"",""DATA BARU"",""TERMINAL"",""PC"";{SEQUENCE(COUNTIF($D$2:$D23550,2)),FILTER($A$2:$A23550,$D$2:$D23550=2),FILTER($B$2:$B23550,$D$2:$D23550=2),FILTER($D$2:$D23550,$D$2:$D23550=2)}}"),"NO") -> NO | S1: =IFERROR(__xludf.DUMMYFUNCTION("""COMPUTED_VALUE"""),"DATA BARU") -> DATA BARU | T1: =IFERROR(__xludf.DUMMYFUNCTION("""COMPUTED_VALUE"""),"TERMINAL") -> TERMINAL | U1: =IFERROR(__xludf.DUMMYFUNCTION("""COMPUTED_VALUE"""),"PC") -> PC | V1: KETERANGAN | X1: =IFERROR(__xludf.DUMMYFUNCTION("{""NO"",""DATA BARU"",""TERMINAL"",""PC"";{SEQUENCE(COUNTIF($D$2:$D23550,3)),FILTER($A$2:$A23550,$D$2:$D23550=3),FILTER($B$2:$B23550,$D$2:$D23550=3),FILTER($D$2:$D23550,$D$2:$D23550=3)}}"),"NO") -> NO | Y1: =IFERROR(__xludf.DUMMYFUNCTION("""COMPUTED_VALUE"""),"DATA BARU") -> DATA BARU | Z1: =IFERROR(__xludf.DUMMYFUNCTION("""COMPUTED_VALUE"""),"TERMINAL") -> TERMINAL | AA1: =IFERROR(__xludf.DUMMYFUNCTION("""COMPUTED_VALUE"""),"PC") -> PC | AB1: KETERANGAN | AD1: =IFERROR(__xludf.DUMMYFUNCTION("{""NO"",""DATA BARU"",""TERMINAL"",""PC"";{SEQUENCE(COUNTIF($D$2:$D23550,4)),FILTER($A$2:$A23550,$D$2:$D23550=4),FILTER($B$2:$B23550,$D$2:$D23550=4),FILTER($D$2:$D23550,$D$2:$D23550=4)}}"),"NO") -> NO | AE1: =IFERROR(__xludf.DUMMYFUNCTION("""COMPUTED_VALUE"""),"DATA BARU") -> DATA BARU | AF1: =IFERROR(__xludf.DUMMYFUNCTION("""COMPUTED_VALUE"""),"TERMINAL") -> TERMINAL | AG1: =IFERROR(__xludf.DUMMYFUNCTION("""COMPUTED_VALUE"""),"PC") -> PC | AH1: KETERANGAN | AJ1: =IFERROR(__xludf.DUMMYFUNCTION("{""NO"",""DATA BARU"",""TERMINAL"",""PC"";{SEQUENCE(COUNTIF($D$2:$D23550,5)),FILTER($A$2:$A23550,$D$2:$D23550=5),FILTER($B$2:$B23550,$D$2:$D23550=5),FILTER($D$2:$D23550,$D$2:$D23550=5)}}"),"NO") -> NO | AK1: =IFERROR(__xludf.DUMMYFUNCTION("""COMPUTED_VALUE"""),"DATA BARU") -> DATA BARU | AL1: =IFERROR(__xludf.DUMMYFUNCTION("""COMPUTED_VALUE"""),"TERMINAL") -> TERMINAL | AM1: =IFERROR(__xludf.DUMMYFUNCTION("""COMPUTED_VALUE"""),"PC") -> PC | AN1: KETERANGAN | AP1: =IFERROR(__xludf.DUMMYFUNCTION("{""NO"",""DATA BARU"",""TERMINAL"",""PC"";{SEQUENCE(COUNTIF($D$2:$D23550,6)),FILTER($A$2:$A23550,$D$2:$D23550=6),FILTER($B$2:$B23550,$D$2:$D23550=6),FILTER($D$2:$D23550,$D$2:$D23550=6)}}"),"NO") -> NO | AQ1: =IFERROR(__xludf.DUMMYFUNCTION("""COMPUTED_VALUE"""),"DATA BARU") -> DATA BARU | AR1: =IFERROR(__xludf.DUMMYFUNCTION("""COMPUTED_VALUE"""),"TERMINAL") -> TERMINAL | AS1: =IFERROR(__xludf.DUMMYFUNCTION("""COMPUTED_VALUE"""),"PC") -> PC | AT1: KETERANGAN | AV1: ='KENDARAAN P1'!A:A -> NOPOL
A2: =IFERROR(__xludf.DUMMYFUNCTION("""COMPUTED_VALUE"""),"AD 9780 AB") -> AD 9780 AB | B2: =IFERROR(__xludf.DUMMYFUNCTION("""COMPUTED_VALUE"""),"TLPG LOMBOK") -> TLPG LOMBOK | C2: =IFERROR(__xludf.DUMMYFUNCTION("""COMPUTED_VALUE"""),1.0) -> 1 | D2: 2 | E2: SPPBE-PT. Lombok Putra Gas | G2: 1 | H2: =IFERROR(__xludf.DUMMYFUNCTION("SORT(FILTER({A2:A23550,B2:B23550,D2:D23550},D2:D23550<>""""),3,TRUE)"),"AE 8018 UG") -> AE 8018 UG | I2: =IFERROR(__xludf.DUMMYFUNCTION("""COMPUTED_VALUE"""),"TLPG TJ PERAK") -> TLPG TJ PERAK | J2: =IFERROR(__xludf.DUMMYFUNCTION("""COMPUTED_VALUE"""),1.0) -> 1 | L2: =IFERROR(__xludf.DUMMYFUNCTION("""COMPUTED_VALUE"""),1.0) -> 1 | M2: =IFERROR(__xludf.DUMMYFUNCTION("""COMPUTED_VALUE"""),"AE 8018 UG") -> AE 8018 UG | N2: =IFERROR(__xludf.DUMMYFUNCTION("""COMPUTED_VALUE"""),"TLPG TJ PERAK") -> TLPG TJ PERAK | O2: =IFERROR(__xludf.DUMMYFUNCTION("""COMPUTED_VALUE"""),1.0) -> 1 | P2: {=IF(M2:M29="","",IFERROR(VLOOKUP(M2:M29,$A$2:$E23550,5,FALSE),"Data Company Belum Ada"))} -> PT MADIUNI ELPIJI | R2: =IFERROR(__xludf.DUMMYFUNCTION("""COMPUTED_VALUE"""),1.0) -> 1 | S2: =IFERROR(__xludf.DUMMYFUNCTION("""COMPUTED_VALUE"""),"AD 9780 AB") -> AD 9780 AB | T2: =IFERROR(__xludf.DUMMYFUNCTION("""COMPUTED_VALUE"""),"TLPG LOMBOK") -> TLPG LOMBOK | U2: =IFERROR(__xludf.DUMMYFUNCTION("""COMPUTED_VALUE"""),2.0) -> 2 | V2: {=IF(S2:S29="","",IFERROR(VLOOKUP(S2:S29,$A$2:$E23550,5,FALSE),"Data Company Belum Ada"))} -> SPPBE-PT. Lombok Putra Gas | X2: =IFERROR(__xludf.DUMMYFUNCTION("""COMPUTED_VALUE"""),1.0) -> 1 | Y2: =IFERROR(__xludf.DUMMYFUNCTION("""COMPUTED_VALUE"""),"AG 8093 EI") -> AG 8093 EI | Z2: =IFERROR(__xludf.DUMMYFUNCTION("""COMPUTED_VALUE"""),"TLPG MEM GRESIK") -> TLPG MEM GRESIK | AA2: =IFERROR(__xludf.DUMMYFUNCTION("""COMPUTED_VALUE"""),3.0) -> 3 | AB2: {=IF(Y2:Y29="","",IFERROR(VLOOKUP(Y2:Y29,$A$2:$E23550,5,FALSE),"Data Company Belum Ada"))} -> PT RADIMA JAYA KEDIRI | AD2: =IFERROR(__xludf.DUMMYFUNCTION("""COMPUTED_VALUE"""),1.0) -> 1 | AE2: =IFERROR(__xludf.DUMMYFUNCTION("""COMPUTED_VALUE"""),"B 9713 SFU") -> B 9713 SFU | AF2: =IFERROR(__xludf.DUMMYFUNCTION("""COMPUTED_VALUE"""),"TLPG TJ WANGI") -> TLPG TJ WANGI | AG2: =IFERROR(__xludf.DUMMYFUNCTION("""COMPUTED_VALUE"""),4.0) -> 4 | AH2: {=IF(AE2:AE29="","",IFERROR(VLOOKUP(AE2:AE29,$A$2:$E23550,5,FALSE),"Data Company Belum Ada"))} -> PT PATRA NIAGA 1 | AJ2: =IFERROR(__xludf.DUMMYFUNCTION("""COMPUTED_VALUE"""),1.0) -> 1 | AK2: =IFERROR(__xludf.DUMMYFUNCTION("""COMPUTED_VALUE"""),"L 9155 UB") -> L 9155 UB | AL2: =IFERROR(__xludf.DUMMYFUNCTION("""COMPUTED_VALUE"""),"TLPG TJ PERAK") -> TLPG TJ PERAK | AM2: =IFERROR(__xludf.DUMMYFUNCTION("""COMPUTED_VALUE"""),5.0) -> 5 | AN2: {=IF(AK2:AK29="","",IFERROR(VLOOKUP(AK2:AK29,$A$2:$E23550,5,FALSE),"Data Company Belum Ada"))} -> PT AGUNG CATUR UTAMA GROUP | AP2: =IFERROR(__xludf.DUMMYFUNCTION("""COMPUTED_VALUE"""),1.0) -> 1 | AQ2: =IFERROR(__xludf.DUMMYFUNCTION("""COMPUTED_VALUE"""),"N 8782 UR") -> N 8782 UR | AR2: =IFERROR(__xludf.DUMMYFUNCTION("""COMPUTED_VALUE"""),"TLPG TJ WANGI") -> TLPG TJ WANGI | AS2: =IFERROR(__xludf.DUMMYFUNCTION("""COMPUTED_VALUE"""),6.0) -> 6 | AT2: {=IF(AQ2:AQ29="","",IFERROR(VLOOKUP(AQ2:AQ29,$A$2:$E23550,5,FALSE),"Data Company Belum Ada"))} -> Data Company Belum Ada | AV2: ='KENDARAAN P1'!A:A -> B 9080 SEI
A3: =IFERROR(__xludf.DUMMYFUNCTION("""COMPUTED_VALUE"""),"AE 8018 UG") -> AE 8018 UG | B3: =IFERROR(__xludf.DUMMYFUNCTION("""COMPUTED_VALUE"""),"TLPG TJ PERAK") -> TLPG TJ PERAK | C3: =IFERROR(__xludf.DUMMYFUNCTION("""COMPUTED_VALUE"""),1.0) -> 1 | D3: 1 | E3: PT MADIUNI ELPIJI | G3: 2 | H3: =IFERROR(__xludf.DUMMYFUNCTION("""COMPUTED_VALUE"""),"AE 8099 UT") -> AE 8099 UT | I3: =IFERROR(__xludf.DUMMYFUNCTION("""COMPUTED_VALUE"""),"TLPG TJ PERAK") -> TLPG TJ PERAK | J3: =IFERROR(__xludf.DUMMYFUNCTION("""COMPUTED_VALUE"""),1.0) -> 1 | L3: =IFERROR(__xludf.DUMMYFUNCTION("""COMPUTED_VALUE"""),2.0) -> 2 | M3: =IFERROR(__xludf.DUMMYFUNCTION("""COMPUTED_VALUE"""),"AE 8099 UT") -> AE 8099 UT | N3: =IFERROR(__xludf.DUMMYFUNCTION("""COMPUTED_VALUE"""),"TLPG TJ PERAK") -> TLPG TJ PERAK | O3: =IFERROR(__xludf.DUMMYFUNCTION("""COMPUTED_VALUE"""),1.0) -> 1 | P3: PT GAS ALAM BUMI REOG | R3: =IFERROR(__xludf.DUMMYFUNCTION("""COMPUTED_VALUE"""),2.0) -> 2 | S3: =IFERROR(__xludf.DUMMYFUNCTION("""COMPUTED_VALUE"""),"AE 8458 UF") -> AE 8458 UF | T3: =IFERROR(__xludf.DUMMYFUNCTION("""COMPUTED_VALUE"""),"TLPG TJ PERAK") -> TLPG TJ PERAK | U3: =IFERROR(__xludf.DUMMYFUNCTION("""COMPUTED_VALUE"""),2.0) -> 2 | V3: PT MADIUNI ELPIJI | X3: =IFERROR(__xludf.DUMMYFUNCTION("""COMPUTED_VALUE"""),2.0) -> 2 | Y3: =IFERROR(__xludf.DUMMYFUNCTION("""COMPUTED_VALUE"""),"AG 8016 UC") -> AG 8016 UC | Z3: =IFERROR(__xludf.DUMMYFUNCTION("""COMPUTED_VALUE"""),"TLPG TJ PERAK") -> TLPG TJ PERAK | AA3: =IFERROR(__xludf.DUMMYFUNCTION("""COMPUTED_VALUE"""),3.0) -> 3 | AB3: PT LIRBOYO INSAN GLOBAL | AD3: =IFERROR(__xludf.DUMMYFUNCTION("""COMPUTED_VALUE"""),2.0) -> 2 | AE3: =IFERROR(__xludf.DUMMYFUNCTION("""COMPUTED_VALUE"""),"B 9869 SFV") -> B 9869 SFV | AF3: =IFERROR(__xludf.DUMMYFUNCTION("""COMPUTED_VALUE"""),"TLPG MEM GRESIK") -> TLPG MEM GRESIK | AG3: =IFERROR(__xludf.DUMMYFUNCTION("""COMPUTED_VALUE"""),4.0) -> 4 | AH3: PT PATRA LOGISTIK | AJ3: =IFERROR(__xludf.DUMMYFUNCTION("""COMPUTED_VALUE"""),2.0) -> 2 | AK3: =IFERROR(__xludf.DUMMYFUNCTION("""COMPUTED_VALUE"""),"AG 8817 UT") -> AG 8817 UT | AL3: =IFERROR(__xludf.DUMMYFUNCTION("""COMPUTED_VALUE"""),"TLPG TJ PERAK") -> TLPG TJ PERAK | AM3: =IFERROR(__xludf.DUMMYFUNCTION("""COMPUTED_VALUE"""),5.0) -> 5 | AN3: PT GANGSAR SENTOSA PETROLIUM | AP3: =IFERROR(__xludf.DUMMYFUNCTION("""COMPUTED_VALUE"""),2.0) -> 2 | AQ3: =IFERROR(__xludf.DUMMYFUNCTION("""COMPUTED_VALUE"""),"DK 8837 HC") -> DK 8837 HC | AR3: =IFERROR(__xludf.DUMMYFUNCTION("""COMPUTED_VALUE"""),"TLPG MANGGIS") -> TLPG MANGGIS | AS3: =IFERROR(__xludf.DUMMYFUNCTION("""COMPUTED_VALUE"""),6.0) -> 6 | AT3: SPPBE-PT. Sembilan Semangat | AV3: ='KENDARAAN P1'!A:A -> B 9711 SFU
A4: =IFERROR(__xludf.DUMMYFUNCTION("""COMPUTED_VALUE"""),"AE 8099 UT") -> AE 8099 UT | B4: =IFERROR(__xludf.DUMMYFUNCTION("""COMPUTED_VALUE"""),"TLPG TJ PERAK") -> TLPG TJ PERAK | C4: =IFERROR(__xludf.DUMMYFUNCTION("""COMPUTED_VALUE"""),1.0) -> 1 | D4: 1 | E4: PT GAS ALAM BUMI REOG | G4: 3 | H4: =IFERROR(__xludf.DUMMYFUNCTION("""COMPUTED_VALUE"""),"AE 8175 UC") -> AE 8175 UC | I4: =IFERROR(__xludf.DUMMYFUNCTION("""COMPUTED_VALUE"""),"TLPG TJ PERAK") -> TLPG TJ PERAK | J4: =IFERROR(__xludf.DUMMYFUNCTION("""COMPUTED_VALUE"""),1.0) -> 1 | L4: =IFERROR(__xludf.DUMMYFUNCTION("""COMPUTED_VALUE"""),3.0) -> 3 | M4: =IFERROR(__xludf.DUMMYFUNCTION("""COMPUTED_VALUE"""),"AE 8175 UC") -> AE 8175 UC | N4: =IFERROR(__xludf.DUMMYFUNCTION("""COMPUTED_VALUE"""),"TLPG TJ PERAK") -> TLPG TJ PERAK | O4: =IFERROR(__xludf.DUMMYFUNCTION("""COMPUTED_VALUE"""),1.0) -> 1 | P4: PT MADIUNI ELPIJI | R4: =IFERROR(__xludf.DUMMYFUNCTION("""COMPUTED_VALUE"""),3.0) -> 3 | S4: =IFERROR(__xludf.DUMMYFUNCTION("""COMPUTED_VALUE"""),"AE 8459 UF") -> AE 8459 UF | T4: =IFERROR(__xludf.DUMMYFUNCTION("""COMPUTED_VALUE"""),"TLPG TJ PERAK") -> TLPG TJ PERAK | U4: =IFERROR(__xludf.DUMMYFUNCTION("""COMPUTED_VALUE"""),2.0) -> 2 | V4: PT MADIUNI ELPIJI | X4: =IFERROR(__xludf.DUMMYFUNCTION("""COMPUTED_VALUE"""),3.0) -> 3 | Y4: =IFERROR(__xludf.DUMMYFUNCTION("""COMPUTED_VALUE"""),"AG 8079 UZ") -> AG 8079 UZ | Z4: =IFERROR(__xludf.DUMMYFUNCTION("""COMPUTED_VALUE"""),"TLPG TJ PERAK") -> TLPG TJ PERAK | AA4: =IFERROR(__xludf.DUMMYFUNCTION("""COMPUTED_VALUE"""),3.0) -> 3 | AB4: PT DIAN EL HADA | AD4: =IFERROR(__xludf.DUMMYFUNCTION("""COMPUTED_VALUE"""),3.0) -> 3 | AE4: =IFERROR(__xludf.DUMMYFUNCTION("""COMPUTED_VALUE"""),"B 9884 SFU") -> B 9884 SFU | AF4: =IFERROR(__xludf.DUMMYFUNCTION("""COMPUTED_VALUE"""),"TLPG MEM GRESIK") -> TLPG MEM GRESIK | AG4: =IFERROR(__xludf.DUMMYFUNCTION("""COMPUTED_VALUE"""),4.0) -> 4 | AH4: PT PATRA NIAGA | AJ4: =IFERROR(__xludf.DUMMYFUNCTION("""COMPUTED_VALUE"""),3.0) -> 3 | AK4: =IFERROR(__xludf.DUMMYFUNCTION("""COMPUTED_VALUE"""),"AG 8818 UT") -> AG 8818 UT | AL4: =IFERROR(__xludf.DUMMYFUNCTION("""COMPUTED_VALUE"""),"TLPG TJ PERAK") -> TLPG TJ PERAK | AM4: =IFERROR(__xludf.DUMMYFUNCTION("""COMPUTED_VALUE"""),5.0) -> 5 | AN4: PT GANGSAR SENTOSA PETROLIUM | AP4: =IFERROR(__xludf.DUMMYFUNCTION("""COMPUTED_VALUE"""),3.0) -> 3 | AQ4: =IFERROR(__xludf.DUMMYFUNCTION("""COMPUTED_VALUE"""),"DR 8105 LJ") -> DR 8105 LJ | AR4: =IFERROR(__xludf.DUMMYFUNCTION("""COMPUTED_VALUE"""),"TLPG LOMBOK") -> TLPG LOMBOK | AS4: =IFERROR(__xludf.DUMMYFUNCTION("""COMPUTED_VALUE"""),6.0) -> 6 | AT4: SPPBE-PT. Anugrah Narwastu Raya | AV4: ='KENDARAAN P1'!A:A -> B 9089 SEI
A5: =IFERROR(__xludf.DUMMYFUNCTION("""COMPUTED_VALUE"""),"AE 8175 UC") -> AE 8175 UC | B5: =IFERROR(__xludf.DUMMYFUNCTION("""COMPUTED_VALUE"""),"TLPG TJ PERAK") -> TLPG TJ PERAK | C5: =IFERROR(__xludf.DUMMYFUNCTION("""COMPUTED_VALUE"""),1.0) -> 1 | D5: 1 | E5: PT MADIUNI ELPIJI | G5: 4 | H5: =IFERROR(__xludf.DUMMYFUNCTION("""COMPUTED_VALUE"""),"AE 8518 UJ") -> AE 8518 UJ | I5: =IFERROR(__xludf.DUMMYFUNCTION("""COMPUTED_VALUE"""),"TLPG TJ PERAK") -> TLPG TJ PERAK | J5: =IFERROR(__xludf.DUMMYFUNCTION("""COMPUTED_VALUE"""),1.0) -> 1 | L5: =IFERROR(__xludf.DUMMYFUNCTION("""COMPUTED_VALUE"""),4.0) -> 4 | M5: =IFERROR(__xludf.DUMMYFUNCTION("""COMPUTED_VALUE"""),"AE 8518 UJ") -> AE 8518 UJ | N5: =IFERROR(__xludf.DUMMYFUNCTION("""COMPUTED_VALUE"""),"TLPG TJ PERAK") -> TLPG TJ PERAK | O5: =IFERROR(__xludf.DUMMYFUNCTION("""COMPUTED_VALUE"""),1.0) -> 1 | P5: PT NUR WISTARA ABADI | R5: =IFERROR(__xludf.DUMMYFUNCTION("""COMPUTED_VALUE"""),4.0) -> 4 | S5: =IFERROR(__xludf.DUMMYFUNCTION("""COMPUTED_VALUE"""),"AE 8835 UQ") -> AE 8835 UQ | T5: =IFERROR(__xludf.DUMMYFUNCTION("""COMPUTED_VALUE"""),"TLPG TJ PERAK") -> TLPG TJ PERAK | U5: =IFERROR(__xludf.DUMMYFUNCTION("""COMPUTED_VALUE"""),2.0) -> 2 | V5: PT SEKAWAN GAS NUSA | X5: =IFERROR(__xludf.DUMMYFUNCTION("""COMPUTED_VALUE"""),4.0) -> 4 | Y5: =IFERROR(__xludf.DUMMYFUNCTION("""COMPUTED_VALUE"""),"AG 8086 UF") -> AG 8086 UF | Z5: =IFERROR(__xludf.DUMMYFUNCTION("""COMPUTED_VALUE"""),"TLPG TJ PERAK") -> TLPG TJ PERAK | AA5: =IFERROR(__xludf.DUMMYFUNCTION("""COMPUTED_VALUE"""),3.0) -> 3 | AB5: PT DIAN RAMA GAS | AD5: =IFERROR(__xludf.DUMMYFUNCTION("""COMPUTED_VALUE"""),4.0) -> 4 | AE5: =IFERROR(__xludf.DUMMYFUNCTION("""COMPUTED_VALUE"""),"DK 8146 BZ") -> DK 8146 BZ | AF5: =IFERROR(__xludf.DUMMYFUNCTION("""COMPUTED_VALUE"""),"TLPG MANGGIS") -> TLPG MANGGIS | AG5: =IFERROR(__xludf.DUMMYFUNCTION("""COMPUTED_VALUE"""),4.0) -> 4 | AH5: SPPBE-PT. Pande Agung Dewata | AJ5: =IFERROR(__xludf.DUMMYFUNCTION("""COMPUTED_VALUE"""),4.0) -> 4 | AK5: =IFERROR(__xludf.DUMMYFUNCTION("""COMPUTED_VALUE"""),"B 9088 SEI") -> B 9088 SEI | AL5: =IFERROR(__xludf.DUMMYFUNCTION("""COMPUTED_VALUE"""),"TLPG MEM GRESIK") -> TLPG MEM GRESIK | AM5: =IFERROR(__xludf.DUMMYFUNCTION("""COMPUTED_VALUE"""),5.0) -> 5 | AN5: PT PATRA NIAGA | AP5: =IFERROR(__xludf.DUMMYFUNCTION("""COMPUTED_VALUE"""),4.0) -> 4 | AQ5: =IFERROR(__xludf.DUMMYFUNCTION("""COMPUTED_VALUE"""),"P 8176 UW") -> P 8176 UW | AR5: =IFERROR(__xludf.DUMMYFUNCTION("""COMPUTED_VALUE"""),"TLPG TJ WANGI") -> TLPG TJ WANGI | AS5: =IFERROR(__xludf.DUMMYFUNCTION("""COMPUTED_VALUE"""),6.0) -> 6 | AT5: PT ARGOPURO MAJU SUKSES | AV5: ='KENDARAAN P1'!A:A -> B 9098 SEI
A6: =IFERROR(__xludf.DUMMYFUNCTION("""COMPUTED_VALUE"""),"AE 8458 UF") -> AE 8458 UF | B6: =IFERROR(__xludf.DUMMYFUNCTION("""COMPUTED_VALUE"""),"TLPG TJ PERAK") -> TLPG TJ PERAK | C6: =IFERROR(__xludf.DUMMYFUNCTION("""COMPUTED_VALUE"""),1.0) -> 1 | D6: 2 | E6: PT MADIUNI ELPIJI | G6: 5 | H6: =IFERROR(__xludf.DUMMYFUNCTION("""COMPUTED_VALUE"""),"AE 8546 UJ") -> AE 8546 UJ | I6: =IFERROR(__xludf.DUMMYFUNCTION("""COMPUTED_VALUE"""),"TLPG TJ PERAK") -> TLPG TJ PERAK | J6: =IFERROR(__xludf.DUMMYFUNCTION("""COMPUTED_VALUE"""),1.0) -> 1 | L6: =IFERROR(__xludf.DUMMYFUNCTION("""COMPUTED_VALUE"""),5.0) -> 5 | M6: =IFERROR(__xludf.DUMMYFUNCTION("""COMPUTED_VALUE"""),"AE 8546 UJ") -> AE 8546 UJ | N6: =IFERROR(__xludf.DUMMYFUNCTION("""COMPUTED_VALUE"""),"TLPG TJ PERAK") -> TLPG TJ PERAK | O6: =IFERROR(__xludf.DUMMYFUNCTION("""COMPUTED_VALUE"""),1.0) -> 1 | P6: PT NUR WISTARA ABADI | R6: =IFERROR(__xludf.DUMMYFUNCTION("""COMPUTED_VALUE"""),5.0) -> 5 | S6: =IFERROR(__xludf.DUMMYFUNCTION("""COMPUTED_VALUE"""),"AG 9876 RK") -> AG 9876 RK | T6: =IFERROR(__xludf.DUMMYFUNCTION("""COMPUTED_VALUE"""),"TLPG MEM GRESIK") -> TLPG MEM GRESIK | U6: =IFERROR(__xludf.DUMMYFUNCTION("""COMPUTED_VALUE"""),2.0) -> 2 | V6: PT BINTANG CIPTA PERSADA | X6: =IFERROR(__xludf.DUMMYFUNCTION("""COMPUTED_VALUE"""),5.0) -> 5 | Y6: =IFERROR(__xludf.DUMMYFUNCTION("""COMPUTED_VALUE"""),"AG 8087 UF") -> AG 8087 UF | Z6: =IFERROR(__xludf.DUMMYFUNCTION("""COMPUTED_VALUE"""),"TLPG TJ PERAK") -> TLPG TJ PERAK | AA6: =IFERROR(__xludf.DUMMYFUNCTION("""COMPUTED_VALUE"""),3.0) -> 3 | AB6: PT DIAN RAMA GAS | AD6: =IFERROR(__xludf.DUMMYFUNCTION("""COMPUTED_VALUE"""),5.0) -> 5 | AE6: =IFERROR(__xludf.DUMMYFUNCTION("""COMPUTED_VALUE"""),"L 9837 UJ") -> L 9837 UJ | AF6: =IFERROR(__xludf.DUMMYFUNCTION("""COMPUTED_VALUE"""),"TLPG MEM GRESIK") -> TLPG MEM GRESIK | AG6: =IFERROR(__xludf.DUMMYFUNCTION("""COMPUTED_VALUE"""),4.0) -> 4 | AH6: PT PATRA NIAGA | AJ6: =IFERROR(__xludf.DUMMYFUNCTION("""COMPUTED_VALUE"""),5.0) -> 5 | AK6: =IFERROR(__xludf.DUMMYFUNCTION("""COMPUTED_VALUE"""),"B 9882 SFU") -> B 9882 SFU | AL6: =IFERROR(__xludf.DUMMYFUNCTION("""COMPUTED_VALUE"""),"TLPG MEM GRESIK") -> TLPG MEM GRESIK | AM6: =IFERROR(__xludf.DUMMYFUNCTION("""COMPUTED_VALUE"""),5.0) -> 5 | AN6: PT PATRA NIAGA | AP6: =IFERROR(__xludf.DUMMYFUNCTION("""COMPUTED_VALUE"""),5.0) -> 5 | AQ6: =IFERROR(__xludf.DUMMYFUNCTION("""COMPUTED_VALUE"""),"W 9170 PD") -> W 9170 PD | AR6: =IFERROR(__xludf.DUMMYFUNCTION("""COMPUTED_VALUE"""),"TLPG TJ PERAK") -> TLPG TJ PERAK | AS6: =IFERROR(__xludf.DUMMYFUNCTION("""COMPUTED_VALUE"""),6.0) -> 6 | AT6: PT NAWA PELITA RAYA | AV6: ='KENDARAAN P1'!A:A -> B 9099 SEI
A7: =IFERROR(__xludf.DUMMYFUNCTION("""COMPUTED_VALUE"""),"AE 8459 UF") -> AE 8459 UF | B7: =IFERROR(__xludf.DUMMYFUNCTION("""COMPUTED_VALUE"""),"TLPG TJ PERAK") -> TLPG TJ PERAK | C7: =IFERROR(__xludf.DUMMYFUNCTION("""COMPUTED_VALUE"""),1.0) -> 1 | D7: 2 | E7: PT MADIUNI ELPIJI | G7: 6 | H7: =IFERROR(__xludf.DUMMYFUNCTION("""COMPUTED_VALUE"""),"AE 8639 UP") -> AE 8639 UP | I7: =IFERROR(__xludf.DUMMYFUNCTION("""COMPUTED_VALUE"""),"TLPG TJ PERAK") -> TLPG TJ PERAK | J7: =IFERROR(__xludf.DUMMYFUNCTION("""COMPUTED_VALUE"""),1.0) -> 1 | L7: =IFERROR(__xludf.DUMMYFUNCTION("""COMPUTED_VALUE"""),6.0) -> 6 | M7: =IFERROR(__xludf.DUMMYFUNCTION("""COMPUTED_VALUE"""),"AE 8639 UP") -> AE 8639 UP | N7: =IFERROR(__xludf.DUMMYFUNCTION("""COMPUTED_VALUE"""),"TLPG TJ PERAK") -> TLPG TJ PERAK | O7: =IFERROR(__xludf.DUMMYFUNCTION("""COMPUTED_VALUE"""),1.0) -> 1 | P7: PT TRISINDO ADIKAMULIA | R7: =IFERROR(__xludf.DUMMYFUNCTION("""COMPUTED_VALUE"""),6.0) -> 6 | S7: =IFERROR(__xludf.DUMMYFUNCTION("""COMPUTED_VALUE"""),"AD 9838 AB") -> AD 9838 AB | T7: =IFERROR(__xludf.DUMMYFUNCTION("""COMPUTED_VALUE"""),"TLPG LOMBOK") -> TLPG LOMBOK | U7: =IFERROR(__xludf.DUMMYFUNCTION("""COMPUTED_VALUE"""),2.0) -> 2 | V7: SPPBE-PT. Lombok Putra Gas | X7: =IFERROR(__xludf.DUMMYFUNCTION("""COMPUTED_VALUE"""),6.0) -> 6 | Y7: =IFERROR(__xludf.DUMMYFUNCTION("""COMPUTED_VALUE"""),"AG 8088 UF") -> AG 8088 UF | Z7: =IFERROR(__xludf.DUMMYFUNCTION("""COMPUTED_VALUE"""),"TLPG TJ PERAK") -> TLPG TJ PERAK | AA7: =IFERROR(__xludf.DUMMYFUNCTION("""COMPUTED_VALUE"""),3.0) -> 3 | AB7: PT DIAN RAMA GAS | AD7: =IFERROR(__xludf.DUMMYFUNCTION("""COMPUTED_VALUE"""),6.0) -> 6 | AE7: =IFERROR(__xludf.DUMMYFUNCTION("""COMPUTED_VALUE"""),"P 8277 UG") -> P 8277 UG | AF7: =IFERROR(__xludf.DUMMYFUNCTION("""COMPUTED_VALUE"""),"TLPG TJ WANGI") -> TLPG TJ WANGI | AG7: =IFERROR(__xludf.DUMMYFUNCTION("""COMPUTED_VALUE"""),4.0) -> 4 | AH7: Data Company Belum Ada | AJ7: =IFERROR(__xludf.DUMMYFUNCTION("""COMPUTED_VALUE"""),6.0) -> 6 | AK7: =IFERROR(__xludf.DUMMYFUNCTION("""COMPUTED_VALUE"""),"B 9883 SFU") -> B 9883 SFU | AL7: =IFERROR(__xludf.DUMMYFUNCTION("""COMPUTED_VALUE"""),"TLPG MEM GRESIK") -> TLPG MEM GRESIK | AM7: =IFERROR(__xludf.DUMMYFUNCTION("""COMPUTED_VALUE"""),5.0) -> 5 | AN7: PT PATRA NIAGA | AP7: =IFERROR(__xludf.DUMMYFUNCTION("""COMPUTED_VALUE"""),6.0) -> 6 | AQ7: =IFERROR(__xludf.DUMMYFUNCTION("""COMPUTED_VALUE"""),"B 9717 SFU") -> B 9717 SFU | AR7: =IFERROR(__xludf.DUMMYFUNCTION("""COMPUTED_VALUE"""),"TLPG MEM GRESIK") -> TLPG MEM GRESIK | AS7: =IFERROR(__xludf.DUMMYFUNCTION("""COMPUTED_VALUE"""),6.0) -> 6 | AT7: PT PATRA NIAGA | AV7: ='KENDARAAN P1'!A:A -> B 9105 SEI
A8: =IFERROR(__xludf.DUMMYFUNCTION("""COMPUTED_VALUE"""),"AE 8518 UJ") -> AE 8518 UJ | B8: =IFERROR(__xludf.DUMMYFUNCTION("""COMPUTED_VALUE"""),"TLPG TJ PERAK") -> TLPG TJ PERAK | C8: =IFERROR(__xludf.DUMMYFUNCTION("""COMPUTED_VALUE"""),1.0) -> 1 | D8: 1 | E8: PT NUR WISTARA ABADI | G8: 7 | H8: =IFERROR(__xludf.DUMMYFUNCTION("""COMPUTED_VALUE"""),"AE 8641 UP") -> AE 8641 UP | I8: =IFERROR(__xludf.DUMMYFUNCTION("""COMPUTED_VALUE"""),"TLPG TJ PERAK") -> TLPG TJ PERAK | J8: =IFERROR(__xludf.DUMMYFUNCTION("""COMPUTED_VALUE"""),1.0) -> 1 | L8: =IFERROR(__xludf.DUMMYFUNCTION("""COMPUTED_VALUE"""),7.0) -> 7 | M8: =IFERROR(__xludf.DUMMYFUNCTION("""COMPUTED_VALUE"""),"AE 8641 UP") -> AE 8641 UP | N8: =IFERROR(__xludf.DUMMYFUNCTION("""COMPUTED_VALUE"""),"TLPG TJ PERAK") -> TLPG TJ PERAK | O8: =IFERROR(__xludf.DUMMYFUNCTION("""COMPUTED_VALUE"""),1.0) -> 1 | P8: PT TRISINDO ADIKAMULIA | R8: =IFERROR(__xludf.DUMMYFUNCTION("""COMPUTED_VALUE"""),7.0) -> 7 | S8: =IFERROR(__xludf.DUMMYFUNCTION("""COMPUTED_VALUE"""),"AD 9877 AB") -> AD 9877 AB | T8: =IFERROR(__xludf.DUMMYFUNCTION("""COMPUTED_VALUE"""),"TLPG LOMBOK") -> TLPG LOMBOK | U8: =IFERROR(__xludf.DUMMYFUNCTION("""COMPUTED_VALUE"""),2.0) -> 2 | V8: SPPBE-PT. Lombok Putra Gas | X8: =IFERROR(__xludf.DUMMYFUNCTION("""COMPUTED_VALUE"""),7.0) -> 7 | Y8: =IFERROR(__xludf.DUMMYFUNCTION("""COMPUTED_VALUE"""),"AG 8106 UC") -> AG 8106 UC | Z8: =IFERROR(__xludf.DUMMYFUNCTION("""COMPUTED_VALUE"""),"TLPG TJ PERAK") -> TLPG TJ PERAK | AA8: =IFERROR(__xludf.DUMMYFUNCTION("""COMPUTED_VALUE"""),3.0) -> 3 | AB8: PT LIRBOYO INSAN GLOBAL | AD8: =IFERROR(__xludf.DUMMYFUNCTION("""COMPUTED_VALUE"""),7.0) -> 7 | AE8: =IFERROR(__xludf.DUMMYFUNCTION("""COMPUTED_VALUE"""),"AG 8223 LB") -> AG 8223 LB | AF8: =IFERROR(__xludf.DUMMYFUNCTION("""COMPUTED_VALUE"""),"TLPG TJ PERAK") -> TLPG TJ PERAK | AG8: =IFERROR(__xludf.DUMMYFUNCTION("""COMPUTED_VALUE"""),4.0) -> 4 | AH8: PT RAMA MANGGALA GAS | AJ8: =IFERROR(__xludf.DUMMYFUNCTION("""COMPUTED_VALUE"""),7.0) -> 7 | AK8: =IFERROR(__xludf.DUMMYFUNCTION("""COMPUTED_VALUE"""),"DK 8170 UB") -> DK 8170 UB | AL8: =IFERROR(__xludf.DUMMYFUNCTION("""COMPUTED_VALUE"""),"TLPG MANGGIS") -> TLPG MANGGIS | AM8: =IFERROR(__xludf.DUMMYFUNCTION("""COMPUTED_VALUE"""),5.0) -> 5 | AN8: PT. Ayu Sari Pertiwi | AP8: =IFERROR(__xludf.DUMMYFUNCTION("""COMPUTED_VALUE"""),7.0) -> 7 | AQ8: =IFERROR(__xludf.DUMMYFUNCTION("""COMPUTED_VALUE"""),"B 9881 SFU") -> B 9881 SFU | AR8: =IFERROR(__xludf.DUMMYFUNCTION("""COMPUTED_VALUE"""),"TLPG MEM GRESIK") -> TLPG MEM GRESIK | AS8: =IFERROR(__xludf.DUMMYFUNCTION("""COMPUTED_VALUE"""),6.0) -> 6 | AT8: PT PATRA NIAGA | AV8: ='KENDARAAN P1'!A:A -> B 9884 SFU
A9: =IFERROR(__xludf.DUMMYFUNCTION("""COMPUTED_VALUE"""),"AE 8546 UJ") -> AE 8546 UJ | B9: =IFERROR(__xludf.DUMMYFUNCTION("""COMPUTED_VALUE"""),"TLPG TJ PERAK") -> TLPG TJ PERAK | C9: =IFERROR(__xludf.DUMMYFUNCTION("""COMPUTED_VALUE"""),1.0) -> 1 | D9: 1 | E9: PT NUR WISTARA ABADI | G9: 8 | H9: =IFERROR(__xludf.DUMMYFUNCTION("""COMPUTED_VALUE"""),"AE 8642 UP") -> AE 8642 UP | I9: =IFERROR(__xludf.DUMMYFUNCTION("""COMPUTED_VALUE"""),"TLPG TJ PERAK") -> TLPG TJ PERAK | J9: =IFERROR(__xludf.DUMMYFUNCTION("""COMPUTED_VALUE"""),1.0) -> 1 | L9: =IFERROR(__xludf.DUMMYFUNCTION("""COMPUTED_VALUE"""),8.0) -> 8 | M9: =IFERROR(__xludf.DUMMYFUNCTION("""COMPUTED_VALUE"""),"AE 8642 UP") -> AE 8642 UP | N9: =IFERROR(__xludf.DUMMYFUNCTION("""COMPUTED_VALUE"""),"TLPG TJ PERAK") -> TLPG TJ PERAK | O9: =IFERROR(__xludf.DUMMYFUNCTION("""COMPUTED_VALUE"""),1.0) -> 1 | P9: PT TRISINDO ADIKAMULIA | R9: =IFERROR(__xludf.DUMMYFUNCTION("""COMPUTED_VALUE"""),8.0) -> 8 | S9: =IFERROR(__xludf.DUMMYFUNCTION("""COMPUTED_VALUE"""),"AE 8845 UT") -> AE 8845 UT | T9: =IFERROR(__xludf.DUMMYFUNCTION("""COMPUTED_VALUE"""),"TLPG TJ PERAK") -> TLPG TJ PERAK | U9: =IFERROR(__xludf.DUMMYFUNCTION("""COMPUTED_VALUE"""),2.0) -> 2 | V9: PT BUANA KARYA SURYA PRATAMA | X9: =IFERROR(__xludf.DUMMYFUNCTION("""COMPUTED_VALUE"""),8.0) -> 8 | Y9: =IFERROR(__xludf.DUMMYFUNCTION("""COMPUTED_VALUE"""),"AG 8126 UF") -> AG 8126 UF | Z9: =IFERROR(__xludf.DUMMYFUNCTION("""COMPUTED_VALUE"""),"TLPG TJ PERAK") -> TLPG TJ PERAK | AA9: =IFERROR(__xludf.DUMMYFUNCTION("""COMPUTED_VALUE"""),3.0) -> 3 | AB9: PT NARA RIZKA MANUNGGAL | AD9: =IFERROR(__xludf.DUMMYFUNCTION("""COMPUTED_VALUE"""),8.0) -> 8 | AE9: =IFERROR(__xludf.DUMMYFUNCTION("""COMPUTED_VALUE"""),"AG 8701 UO") -> AG 8701 UO | AF9: =IFERROR(__xludf.DUMMYFUNCTION("""COMPUTED_VALUE"""),"TLPG TJ PERAK") -> TLPG TJ PERAK | AG9: =IFERROR(__xludf.DUMMYFUNCTION("""COMPUTED_VALUE"""),4.0) -> 4 | AH9: PT MODERNA TEHNIK PERKASA | AJ9: =IFERROR(__xludf.DUMMYFUNCTION("""COMPUTED_VALUE"""),8.0) -> 8 | AK9: =IFERROR(__xludf.DUMMYFUNCTION("""COMPUTED_VALUE"""),"DK 8773 MG") -> DK 8773 MG | AL9: =IFERROR(__xludf.DUMMYFUNCTION("""COMPUTED_VALUE"""),"TLPG LOMBOK") -> TLPG LOMBOK | AM9: =IFERROR(__xludf.DUMMYFUNCTION("""COMPUTED_VALUE"""),5.0) -> 5 | AN9: SPPBE-PT. Harapan Jaya Utama | AP9: =IFERROR(__xludf.DUMMYFUNCTION("""COMPUTED_VALUE"""),8.0) -> 8 | AQ9: =IFERROR(__xludf.DUMMYFUNCTION("""COMPUTED_VALUE"""),"L 8121 UUA") -> L 8121 UUA | AR9: =IFERROR(__xludf.DUMMYFUNCTION("""COMPUTED_VALUE"""),"TLPG MEM GRESIK") -> TLPG MEM GRESIK | AS9: =IFERROR(__xludf.DUMMYFUNCTION("""COMPUTED_VALUE"""),6.0) -> 6 | AT9: PT UNIVERSAL ENERGY PRATAMA | AV9: ='KENDARAAN P1'!A:A -> B 9869 SFV
A10: =IFERROR(__xludf.DUMMYFUNCTION("""COMPUTED_VALUE"""),"AE 8639 UP") -> AE 8639 UP | B10: =IFERROR(__xludf.DUMMYFUNCTION("""COMPUTED_VALUE"""),"TLPG TJ PERAK") -> TLPG TJ PERAK | C10: =IFERROR(__xludf.DUMMYFUNCTION("""COMPUTED_VALUE"""),1.0) -> 1 | D10: 1 | E10: PT TRISINDO ADIKAMULIA | G10: 9 | H10: =IFERROR(__xludf.DUMMYFUNCTION("""COMPUTED_VALUE"""),"AE 9061 UJ") -> AE 9061 UJ | I10: =IFERROR(__xludf.DUMMYFUNCTION("""COMPUTED_VALUE"""),"TLPG TJ PERAK") -> TLPG TJ PERAK | J10: =IFERROR(__xludf.DUMMYFUNCTION("""COMPUTED_VALUE"""),1.0) -> 1 | L10: =IFERROR(__xludf.DUMMYFUNCTION("""COMPUTED_VALUE"""),9.0) -> 9 | M10: =IFERROR(__xludf.DUMMYFUNCTION("""COMPUTED_VALUE"""),"AE 9061 UJ") -> AE 9061 UJ | N10: =IFERROR(__xludf.DUMMYFUNCTION("""COMPUTED_VALUE"""),"TLPG TJ PERAK") -> TLPG TJ PERAK | O10: =IFERROR(__xludf.DUMMYFUNCTION("""COMPUTED_VALUE"""),1.0) -> 1 | P10: PT NUR WISTARA ABADI | R10: =IFERROR(__xludf.DUMMYFUNCTION("""COMPUTED_VALUE"""),9.0) -> 9 | S10: =IFERROR(__xludf.DUMMYFUNCTION("""COMPUTED_VALUE"""),"AE 8846 UT") -> AE 8846 UT | T10: =IFERROR(__xludf.DUMMYFUNCTION("""COMPUTED_VALUE"""),"TLPG TJ PERAK") -> TLPG TJ PERAK | U10: =IFERROR(__xludf.DUMMYFUNCTION("""COMPUTED_VALUE"""),2.0) -> 2 | V10: PT BUANA KARYA SURYA PRATAMA | X10: =IFERROR(__xludf.DUMMYFUNCTION("""COMPUTED_VALUE"""),9.0) -> 9 | Y10: =IFERROR(__xludf.DUMMYFUNCTION("""COMPUTED_VALUE"""),"AG 8128 UF") -> AG 8128 UF | Z10: =IFERROR(__xludf.DUMMYFUNCTION("""COMPUTED_VALUE"""),"TLPG TJ PERAK") -> TLPG TJ PERAK | AA10: =IFERROR(__xludf.DUMMYFUNCTION("""COMPUTED_VALUE"""),3.0) -> 3 | AB10: PT NARA RIZKA MANUNGGAL | AD10: =IFERROR(__xludf.DUMMYFUNCTION("""COMPUTED_VALUE"""),9.0) -> 9 | AE10: =IFERROR(__xludf.DUMMYFUNCTION("""COMPUTED_VALUE"""),"AG 8702 UO") -> AG 8702 UO | AF10: =IFERROR(__xludf.DUMMYFUNCTION("""COMPUTED_VALUE"""),"TLPG TJ PERAK") -> TLPG TJ PERAK | AG10: =IFERROR(__xludf.DUMMYFUNCTION("""COMPUTED_VALUE"""),4.0) -> 4 | AH10: PT MODERNA TEHNIK PERKASA | AJ10: =IFERROR(__xludf.DUMMYFUNCTION("""COMPUTED_VALUE"""),9.0) -> 9 | AK10: =IFERROR(__xludf.DUMMYFUNCTION("""COMPUTED_VALUE"""),"N 8857 UR") -> N 8857 UR | AL10: =IFERROR(__xludf.DUMMYFUNCTION("""COMPUTED_VALUE"""),"TLPG TJ WANGI") -> TLPG TJ WANGI | AM10: =IFERROR(__xludf.DUMMYFUNCTION("""COMPUTED_VALUE"""),5.0) -> 5 | AN10: PT PATRA NIAGA | AP10: =IFERROR(__xludf.DUMMYFUNCTION("""COMPUTED_VALUE"""),9.0) -> 9 | AQ10: =IFERROR(__xludf.DUMMYFUNCTION("""COMPUTED_VALUE"""),"L 8892 UU") -> L 8892 UU | AR10: =IFERROR(__xludf.DUMMYFUNCTION("""COMPUTED_VALUE"""),"TLPG TJ PERAK") -> TLPG TJ PERAK | AS10: =IFERROR(__xludf.DUMMYFUNCTION("""COMPUTED_VALUE"""),6.0) -> 6 | AT10: PT MUTUAL MAXEL | AV10: ='KENDARAAN P1'!A:A -> B 9115 SEI
A11: =IFERROR(__xludf.DUMMYFUNCTION("""COMPUTED_VALUE"""),"AE 8641 UP") -> AE 8641 UP | B11: =IFERROR(__xludf.DUMMYFUNCTION("""COMPUTED_VALUE"""),"TLPG TJ PERAK") -> TLPG TJ PERAK | C11: =IFERROR(__xludf.DUMMYFUNCTION("""COMPUTED_VALUE"""),1.0) -> 1 | D11: 1 | E11: PT TRISINDO ADIKAMULIA | G11: 10 | H11: =IFERROR(__xludf.DUMMYFUNCTION("""COMPUTED_VALUE"""),"B 9080 SEI") -> B 9080 SEI | I11: =IFERROR(__xludf.DUMMYFUNCTION("""COMPUTED_VALUE"""),"TLPG TJ WANGI") -> TLPG TJ WANGI | J11: =IFERROR(__xludf.DUMMYFUNCTION("""COMPUTED_VALUE"""),1.0) -> 1 | L11: =IFERROR(__xludf.DUMMYFUNCTION("""COMPUTED_VALUE"""),10.0) -> 10 | M11: =IFERROR(__xludf.DUMMYFUNCTION("""COMPUTED_VALUE"""),"B 9080 SEI") -> B 9080 SEI | N11: =IFERROR(__xludf.DUMMYFUNCTION("""COMPUTED_VALUE"""),"TLPG TJ WANGI") -> TLPG TJ WANGI | O11: =IFERROR(__xludf.DUMMYFUNCTION("""COMPUTED_VALUE"""),1.0) -> 1 | P11: PT PATRA NIAGA 1 | R11: =IFERROR(__xludf.DUMMYFUNCTION("""COMPUTED_VALUE"""),10.0) -> 10 | S11: =IFERROR(__xludf.DUMMYFUNCTION("""COMPUTED_VALUE"""),"AE 8857 UT") -> AE 8857 UT | T11: =IFERROR(__xludf.DUMMYFUNCTION("""COMPUTED_VALUE"""),"TLPG TJ PERAK") -> TLPG TJ PERAK | U11: =IFERROR(__xludf.DUMMYFUNCTION("""COMPUTED_VALUE"""),2.0) -> 2 | V11: PT BUANA KARYA SURYA PRATAMA | X11: =IFERROR(__xludf.DUMMYFUNCTION("""COMPUTED_VALUE"""),10.0) -> 10 | Y11: =IFERROR(__xludf.DUMMYFUNCTION("""COMPUTED_VALUE"""),"AG 8129 UF") -> AG 8129 UF | Z11: =IFERROR(__xludf.DUMMYFUNCTION("""COMPUTED_VALUE"""),"TLPG TJ PERAK") -> TLPG TJ PERAK | AA11: =IFERROR(__xludf.DUMMYFUNCTION("""COMPUTED_VALUE"""),3.0) -> 3 | AB11: PT NARA RIZKA MANUNGGAL | AD11: =IFERROR(__xludf.DUMMYFUNCTION("""COMPUTED_VALUE"""),10.0) -> 10 | AE11: =IFERROR(__xludf.DUMMYFUNCTION("""COMPUTED_VALUE"""),"AG 8717 UO") -> AG 8717 UO | AF11: =IFERROR(__xludf.DUMMYFUNCTION("""COMPUTED_VALUE"""),"TLPG TJ PERAK") -> TLPG TJ PERAK | AG11: =IFERROR(__xludf.DUMMYFUNCTION("""COMPUTED_VALUE"""),4.0) -> 4 | AH11: PT MODERNA TEHNIK PERKASA | AJ11: =IFERROR(__xludf.DUMMYFUNCTION("""COMPUTED_VALUE"""),10.0) -> 10 | AK11: =IFERROR(__xludf.DUMMYFUNCTION("""COMPUTED_VALUE"""),"N 9287 UN") -> N 9287 UN | AL11: =IFERROR(__xludf.DUMMYFUNCTION("""COMPUTED_VALUE"""),"TLPG TJ WANGI") -> TLPG TJ WANGI | AM11: =IFERROR(__xludf.DUMMYFUNCTION("""COMPUTED_VALUE"""),5.0) -> 5 | AN11: PT HAKAMINDO PETROCHEM | AP11: =IFERROR(__xludf.DUMMYFUNCTION("""COMPUTED_VALUE"""),10.0) -> 10 | AQ11: =IFERROR(__xludf.DUMMYFUNCTION("""COMPUTED_VALUE"""),"L 8973 UU") -> L 8973 UU | AR11: =IFERROR(__xludf.DUMMYFUNCTION("""COMPUTED_VALUE"""),"TLPG TJ PERAK") -> TLPG TJ PERAK | AS11: =IFERROR(__xludf.DUMMYFUNCTION("""COMPUTED_VALUE"""),6.0) -> 6 | AT11: PT GOENADI GASINDO PRATAMA | AV11: ='KENDARAAN P1'!A:A -> B 9712 SFU
A12: =IFERROR(__xludf.DUMMYFUNCTION("""COMPUTED_VALUE"""),"AE 8642 UP") -> AE 8642 UP | B12: =IFERROR(__xludf.DUMMYFUNCTION("""COMPUTED_VALUE"""),"TLPG TJ PERAK") -> TLPG TJ PERAK | C12: =IFERROR(__xludf.DUMMYFUNCTION("""COMPUTED_VALUE"""),1.0) -> 1 | D12: 1 | E12: PT TRISINDO ADIKAMULIA | G12: 11 | H12: =IFERROR(__xludf.DUMMYFUNCTION("""COMPUTED_VALUE"""),"B 9089 SEI") -> B 9089 SEI | I12: =IFERROR(__xludf.DUMMYFUNCTION("""COMPUTED_VALUE"""),"TLPG MEM GRESIK") -> TLPG MEM GRESIK | J12: =IFERROR(__xludf.DUMMYFUNCTION("""COMPUTED_VALUE"""),1.0) -> 1 | L12: =IFERROR(__xludf.DUMMYFUNCTION("""COMPUTED_VALUE"""),11.0) -> 11 | M12: =IFERROR(__xludf.DUMMYFUNCTION("""COMPUTED_VALUE"""),"B 9089 SEI") -> B 9089 SEI | N12: =IFERROR(__xludf.DUMMYFUNCTION("""COMPUTED_VALUE"""),"TLPG MEM GRESIK") -> TLPG MEM GRESIK | O12: =IFERROR(__xludf.DUMMYFUNCTION("""COMPUTED_VALUE"""),1.0) -> 1 | P12: PT PATRA NIAGA | R12: =IFERROR(__xludf.DUMMYFUNCTION("""COMPUTED_VALUE"""),11.0) -> 11 | S12: =IFERROR(__xludf.DUMMYFUNCTION("""COMPUTED_VALUE"""),"AE 9401 UJ") -> AE 9401 UJ | T12: =IFERROR(__xludf.DUMMYFUNCTION("""COMPUTED_VALUE"""),"TLPG TJ PERAK") -> TLPG TJ PERAK | U12: =IFERROR(__xludf.DUMMYFUNCTION("""COMPUTED_VALUE"""),2.0) -> 2 | V12: PT SUMINAR MITRAGAS SELARAS | X12: =IFERROR(__xludf.DUMMYFUNCTION("""COMPUTED_VALUE"""),11.0) -> 11 | Y12: =IFERROR(__xludf.DUMMYFUNCTION("""COMPUTED_VALUE"""),"AG 8152 UL") -> AG 8152 UL | Z12: =IFERROR(__xludf.DUMMYFUNCTION("""COMPUTED_VALUE"""),"TLPG TJ PERAK") -> TLPG TJ PERAK | AA12: =IFERROR(__xludf.DUMMYFUNCTION("""COMPUTED_VALUE"""),3.0) -> 3 | AB12: PT RAMA MANGGALA GAS | AD12: =IFERROR(__xludf.DUMMYFUNCTION("""COMPUTED_VALUE"""),11.0) -> 11 | AE12: =IFERROR(__xludf.DUMMYFUNCTION("""COMPUTED_VALUE"""),"AG 8817 UK") -> AG 8817 UK | AF12: =IFERROR(__xludf.DUMMYFUNCTION("""COMPUTED_VALUE"""),"TLPG TJ PERAK") -> TLPG TJ PERAK | AG12: =IFERROR(__xludf.DUMMYFUNCTION("""COMPUTED_VALUE"""),4.0) -> 4 | AH12: PT RAMA MANGGALA GAS | AJ12: =IFERROR(__xludf.DUMMYFUNCTION("""COMPUTED_VALUE"""),11.0) -> 11 | AK12: =IFERROR(__xludf.DUMMYFUNCTION("""COMPUTED_VALUE"""),"N 9579 US") -> N 9579 US | AL12: =IFERROR(__xludf.DUMMYFUNCTION("""COMPUTED_VALUE"""),"TLPG TJ PERAK") -> TLPG TJ PERAK | AM12: =IFERROR(__xludf.DUMMYFUNCTION("""COMPUTED_VALUE"""),5.0) -> 5 | AN12: PT BINA ANUGERAH INTI KIMIA | AP12: =IFERROR(__xludf.DUMMYFUNCTION("""COMPUTED_VALUE"""),11.0) -> 11 | AQ12: =IFERROR(__xludf.DUMMYFUNCTION("""COMPUTED_VALUE"""),"L 9161 UB") -> L 9161 UB | AR12: =IFERROR(__xludf.DUMMYFUNCTION("""COMPUTED_VALUE"""),"TLPG TJ PERAK") -> TLPG TJ PERAK | AS12: =IFERROR(__xludf.DUMMYFUNCTION("""COMPUTED_VALUE"""),6.0) -> 6 | AT12: PT GEHA INTI CITRA | AV12: ='KENDARAAN P1'!A:A -> B 9880 SFU
A13: =IFERROR(__xludf.DUMMYFUNCTION("""COMPUTED_VALUE"""),"AE 9061 UJ") -> AE 9061 UJ | B13: =IFERROR(__xludf.DUMMYFUNCTION("""COMPUTED_VALUE"""),"TLPG TJ PERAK") -> TLPG TJ PERAK | C13: =IFERROR(__xludf.DUMMYFUNCTION("""COMPUTED_VALUE"""),1.0) -> 1 | D13: 1 | E13: PT NUR WISTARA ABADI | G13: 12 | H13: =IFERROR(__xludf.DUMMYFUNCTION("""COMPUTED_VALUE"""),"B 9711 SFU") -> B 9711 SFU | I13: =IFERROR(__xludf.DUMMYFUNCTION("""COMPUTED_VALUE"""),"TLPG TJ WANGI") -> TLPG TJ WANGI | J13: =IFERROR(__xludf.DUMMYFUNCTION("""COMPUTED_VALUE"""),1.0) -> 1 | L13: =IFERROR(__xludf.DUMMYFUNCTION("""COMPUTED_VALUE"""),12.0) -> 12 | M13: =IFERROR(__xludf.DUMMYFUNCTION("""COMPUTED_VALUE"""),"B 9711 SFU") -> B 9711 SFU | N13: =IFERROR(__xludf.DUMMYFUNCTION("""COMPUTED_VALUE"""),"TLPG TJ WANGI") -> TLPG TJ WANGI | O13: =IFERROR(__xludf.DUMMYFUNCTION("""COMPUTED_VALUE"""),1.0) -> 1 | P13: PT PATRA NIAGA 1 | R13: =IFERROR(__xludf.DUMMYFUNCTION("""COMPUTED_VALUE"""),12.0) -> 12 | S13: =IFERROR(__xludf.DUMMYFUNCTION("""COMPUTED_VALUE"""),"AE 8828 UQ") -> AE 8828 UQ | T13: =IFERROR(__xludf.DUMMYFUNCTION("""COMPUTED_VALUE"""),"TLPG TJ PERAK") -> TLPG TJ PERAK | U13: =IFERROR(__xludf.DUMMYFUNCTION("""COMPUTED_VALUE"""),2.0) -> 2 | V13: PT SEKAWAN GAS NUSA | X13: =IFERROR(__xludf.DUMMYFUNCTION("""COMPUTED_VALUE"""),12.0) -> 12 | Y13: =IFERROR(__xludf.DUMMYFUNCTION("""COMPUTED_VALUE"""),"AG 8225 UG") -> AG 8225 UG | Z13: =IFERROR(__xludf.DUMMYFUNCTION("""COMPUTED_VALUE"""),"TLPG TJ PERAK") -> TLPG TJ PERAK | AA13: =IFERROR(__xludf.DUMMYFUNCTION("""COMPUTED_VALUE"""),3.0) -> 3 | AB13: PT SINAR HASIL BUANA | AD13: =IFERROR(__xludf.DUMMYFUNCTION("""COMPUTED_VALUE"""),12.0) -> 12 | AE13: =IFERROR(__xludf.DUMMYFUNCTION("""COMPUTED_VALUE"""),"AG 8818 UK") -> AG 8818 UK | AF13: =IFERROR(__xludf.DUMMYFUNCTION("""COMPUTED_VALUE"""),"TLPG TJ PERAK") -> TLPG TJ PERAK | AG13: =IFERROR(__xludf.DUMMYFUNCTION("""COMPUTED_VALUE"""),4.0) -> 4 | AH13: PT RAMA MANGGALA GAS | AJ13: =IFERROR(__xludf.DUMMYFUNCTION("""COMPUTED_VALUE"""),12.0) -> 12 | AK13: =IFERROR(__xludf.DUMMYFUNCTION("""COMPUTED_VALUE"""),"AG 9151 UL") -> AG 9151 UL | AL13: =IFERROR(__xludf.DUMMYFUNCTION("""COMPUTED_VALUE"""),"TLPG TJ PERAK") -> TLPG TJ PERAK | AM13: =IFERROR(__xludf.DUMMYFUNCTION("""COMPUTED_VALUE"""),5.0) -> 5 | AN13: PT SUMINAR MITRAGAS SELARAS | AP13: =IFERROR(__xludf.DUMMYFUNCTION("""COMPUTED_VALUE"""),12.0) -> 12 | AQ13: =IFERROR(__xludf.DUMMYFUNCTION("""COMPUTED_VALUE"""),"L 9290 UQ") -> L 9290 UQ | AR13: =IFERROR(__xludf.DUMMYFUNCTION("""COMPUTED_VALUE"""),"TLPG TJ PERAK") -> TLPG TJ PERAK | AS13: =IFERROR(__xludf.DUMMYFUNCTION("""COMPUTED_VALUE"""),6.0) -> 6 | AT13: PT GEHA INTI CITRA | AV13: ='KENDARAAN P1'!A:A -> L 9837 UJ
A14: =IFERROR(__xludf.DUMMYFUNCTION("""COMPUTED_VALUE"""),"AE 8835 UQ") -> AE 8835 UQ | B14: =IFERROR(__xludf.DUMMYFUNCTION("""COMPUTED_VALUE"""),"TLPG TJ PERAK") -> TLPG TJ PERAK | C14: =IFERROR(__xludf.DUMMYFUNCTION("""COMPUTED_VALUE"""),1.0) -> 1 | D14: 2 | E14: PT SEKAWAN GAS NUSA | G14: 13 | H14: =IFERROR(__xludf.DUMMYFUNCTION("""COMPUTED_VALUE"""),"B 9914 PEI") -> B 9914 PEI | I14: =IFERROR(__xludf.DUMMYFUNCTION("""COMPUTED_VALUE"""),"TLPG MANGGIS") -> TLPG MANGGIS | J14: =IFERROR(__xludf.DUMMYFUNCTION("""COMPUTED_VALUE"""),1.0) -> 1 | L14: =IFERROR(__xludf.DUMMYFUNCTION("""COMPUTED_VALUE"""),13.0) -> 13 | M14: =IFERROR(__xludf.DUMMYFUNCTION("""COMPUTED_VALUE"""),"B 9914 PEI") -> B 9914 PEI | N14: =IFERROR(__xludf.DUMMYFUNCTION("""COMPUTED_VALUE"""),"TLPG MANGGIS") -> TLPG MANGGIS | O14: =IFERROR(__xludf.DUMMYFUNCTION("""COMPUTED_VALUE"""),1.0) -> 1 | P14: SPPBE-PT. Pancadarma Puspawira Putra | R14: =IFERROR(__xludf.DUMMYFUNCTION("""COMPUTED_VALUE"""),13.0) -> 13 | S14: =IFERROR(__xludf.DUMMYFUNCTION("""COMPUTED_VALUE"""),"AE 9634 UJ") -> AE 9634 UJ | T14: =IFERROR(__xludf.DUMMYFUNCTION("""COMPUTED_VALUE"""),"TLPG TJ PERAK") -> TLPG TJ PERAK | U14: =IFERROR(__xludf.DUMMYFUNCTION("""COMPUTED_VALUE"""),2.0) -> 2 | V14: PT KARYA USAHA MANDIRI LESTARI | X14: =IFERROR(__xludf.DUMMYFUNCTION("""COMPUTED_VALUE"""),13.0) -> 13 | Y14: =IFERROR(__xludf.DUMMYFUNCTION("""COMPUTED_VALUE"""),"AG 8374 UG") -> AG 8374 UG | Z14: =IFERROR(__xludf.DUMMYFUNCTION("""COMPUTED_VALUE"""),"TLPG TJ PERAK") -> TLPG TJ PERAK | AA14: =IFERROR(__xludf.DUMMYFUNCTION("""COMPUTED_VALUE"""),3.0) -> 3 | AB14: PT PANDU MANUNGGAL KARSA | AD14: =IFERROR(__xludf.DUMMYFUNCTION("""COMPUTED_VALUE"""),13.0) -> 13 | AE14: =IFERROR(__xludf.DUMMYFUNCTION("""COMPUTED_VALUE"""),"L 8013 UX") -> L 8013 UX | AF14: =IFERROR(__xludf.DUMMYFUNCTION("""COMPUTED_VALUE"""),"TLPG MEM GRESIK") -> TLPG MEM GRESIK | AG14: =IFERROR(__xludf.DUMMYFUNCTION("""COMPUTED_VALUE"""),4.0) -> 4 | AH14: PT PERMATA ENERGI BUMI INDONESIA | AJ14: =IFERROR(__xludf.DUMMYFUNCTION("""COMPUTED_VALUE"""),13.0) -> 13 | AK14: =IFERROR(__xludf.DUMMYFUNCTION("""COMPUTED_VALUE"""),"DK 8198 BK") -> DK 8198 BK | AL14: =IFERROR(__xludf.DUMMYFUNCTION("""COMPUTED_VALUE"""),"TLPG MANGGIS") -> TLPG MANGGIS | AM14: =IFERROR(__xludf.DUMMYFUNCTION("""COMPUTED_VALUE"""),5.0) -> 5 | AN14: SPPBE-PT. Sari Dharma Mandiri | AP14: =IFERROR(__xludf.DUMMYFUNCTION("""COMPUTED_VALUE"""),13.0) -> 13 | AQ14: =IFERROR(__xludf.DUMMYFUNCTION("""COMPUTED_VALUE"""),"L 9476 UL") -> L 9476 UL | AR14: =IFERROR(__xludf.DUMMYFUNCTION("""COMPUTED_VALUE"""),"TLPG TJ PERAK") -> TLPG TJ PERAK | AS14: =IFERROR(__xludf.DUMMYFUNCTION("""COMPUTED_VALUE"""),6.0) -> 6 | AT14: PT HELA CITRA AGUNG | AV14: ='KENDARAAN P1'!A:A -> B 9882 SFU
A15: =IFERROR(__xludf.DUMMYFUNCTION("""COMPUTED_VALUE"""),"AG 8093 EI") -> AG 8093 EI | B15: =IFERROR(__xludf.DUMMYFUNCTION("""COMPUTED_VALUE"""),"TLPG MEM GRESIK") -> TLPG MEM GRESIK | C15: =IFERROR(__xludf.DUMMYFUNCTION("""COMPUTED_VALUE"""),1.0) -> 1 | D15: 3 | E15: PT RADIMA JAYA KEDIRI | G15: 14 | H15: =IFERROR(__xludf.DUMMYFUNCTION("""COMPUTED_VALUE"""),"DK 8011 UK") -> DK 8011 UK | I15: =IFERROR(__xludf.DUMMYFUNCTION("""COMPUTED_VALUE"""),"TLPG MANGGIS") -> TLPG MANGGIS | J15: =IFERROR(__xludf.DUMMYFUNCTION("""COMPUTED_VALUE"""),1.0) -> 1 | L15: =IFERROR(__xludf.DUMMYFUNCTION("""COMPUTED_VALUE"""),14.0) -> 14 | M15: =IFERROR(__xludf.DUMMYFUNCTION("""COMPUTED_VALUE"""),"DK 8011 UK") -> DK 8011 UK | N15: =IFERROR(__xludf.DUMMYFUNCTION("""COMPUTED_VALUE"""),"TLPG MANGGIS") -> TLPG MANGGIS | O15: =IFERROR(__xludf.DUMMYFUNCTION("""COMPUTED_VALUE"""),1.0) -> 1 | P15: SPPBE-PT. Ayu Sari Pertiwi | R15: =IFERROR(__xludf.DUMMYFUNCTION("""COMPUTED_VALUE"""),14.0) -> 14 | S15: =IFERROR(__xludf.DUMMYFUNCTION("""COMPUTED_VALUE"""),"AG 8032 YQ") -> AG 8032 YQ | T15: =IFERROR(__xludf.DUMMYFUNCTION("""COMPUTED_VALUE"""),"TLPG TJ PERAK") -> TLPG TJ PERAK | U15: =IFERROR(__xludf.DUMMYFUNCTION("""COMPUTED_VALUE"""),2.0) -> 2 | V15: PT BINTANG CIPTA PERSADA | X15: =IFERROR(__xludf.DUMMYFUNCTION("""COMPUTED_VALUE"""),14.0) -> 14 | Y15: =IFERROR(__xludf.DUMMYFUNCTION("""COMPUTED_VALUE"""),"AG 8380 KL") -> AG 8380 KL | Z15: =IFERROR(__xludf.DUMMYFUNCTION("""COMPUTED_VALUE"""),"TLPG TJ PERAK") -> TLPG TJ PERAK | AA15: =IFERROR(__xludf.DUMMYFUNCTION("""COMPUTED_VALUE"""),3.0) -> 3 | AB15: PT AGUNG CATUR UTAMA GROUP | AD15: =IFERROR(__xludf.DUMMYFUNCTION("""COMPUTED_VALUE"""),14.0) -> 14 | AE15: =IFERROR(__xludf.DUMMYFUNCTION("""COMPUTED_VALUE"""),"L 8440 UD") -> L 8440 UD | AF15: =IFERROR(__xludf.DUMMYFUNCTION("""COMPUTED_VALUE"""),"TLPG MEM GRESIK") -> TLPG MEM GRESIK | AG15: =IFERROR(__xludf.DUMMYFUNCTION("""COMPUTED_VALUE"""),4.0) -> 4 | AH15: PT BINA MAKMUR SENTOSA LESTARI | AJ15: =IFERROR(__xludf.DUMMYFUNCTION("""COMPUTED_VALUE"""),14.0) -> 14 | AK15: =IFERROR(__xludf.DUMMYFUNCTION("""COMPUTED_VALUE"""),"DK 8203 KO") -> DK 8203 KO | AL15: =IFERROR(__xludf.DUMMYFUNCTION("""COMPUTED_VALUE"""),"TLPG MANGGIS") -> TLPG MANGGIS | AM15: =IFERROR(__xludf.DUMMYFUNCTION("""COMPUTED_VALUE"""),5.0) -> 5 | AN15: SPPBE-PT. Dasico Panca Rena | AP15: =IFERROR(__xludf.DUMMYFUNCTION("""COMPUTED_VALUE"""),14.0) -> 14 | AQ15: =IFERROR(__xludf.DUMMYFUNCTION("""COMPUTED_VALUE"""),"L 9489 UL") -> L 9489 UL | AR15: =IFERROR(__xludf.DUMMYFUNCTION("""COMPUTED_VALUE"""),"TLPG TJ PERAK") -> TLPG TJ PERAK | AS15: =IFERROR(__xludf.DUMMYFUNCTION("""COMPUTED_VALUE"""),6.0) -> 6 | AT15: PT HELA CITRA AGUNG | AV15: ='KENDARAAN P1'!A:A -> B 9883 SFU
A16: =IFERROR(__xludf.DUMMYFUNCTION("""COMPUTED_VALUE"""),"AG 9876 RK") -> AG 9876 RK | B16: =IFERROR(__xludf.DUMMYFUNCTION("""COMPUTED_VALUE"""),"TLPG MEM GRESIK") -> TLPG MEM GRESIK | C16: =IFERROR(__xludf.DUMMYFUNCTION("""COMPUTED_VALUE"""),1.0) -> 1 | D16: 2 | E16: PT BINTANG CIPTA PERSADA | G16: 15 | H16: =IFERROR(__xludf.DUMMYFUNCTION("""COMPUTED_VALUE"""),"DK 8018 UF") -> DK 8018 UF | I16: =IFERROR(__xludf.DUMMYFUNCTION("""COMPUTED_VALUE"""),"TLPG MANGGIS") -> TLPG MANGGIS | J16: =IFERROR(__xludf.DUMMYFUNCTION("""COMPUTED_VALUE"""),1.0) -> 1 | L16: =IFERROR(__xludf.DUMMYFUNCTION("""COMPUTED_VALUE"""),15.0) -> 15 | M16: =IFERROR(__xludf.DUMMYFUNCTION("""COMPUTED_VALUE"""),"DK 8018 UF") -> DK 8018 UF | N16: =IFERROR(__xludf.DUMMYFUNCTION("""COMPUTED_VALUE"""),"TLPG MANGGIS") -> TLPG MANGGIS | O16: =IFERROR(__xludf.DUMMYFUNCTION("""COMPUTED_VALUE"""),1.0) -> 1 | P16: SPPBE-PT. Gaya Investama | R16: =IFERROR(__xludf.DUMMYFUNCTION("""COMPUTED_VALUE"""),15.0) -> 15 | S16: =IFERROR(__xludf.DUMMYFUNCTION("""COMPUTED_VALUE"""),"AG 8070 UW") -> AG 8070 UW | T16: =IFERROR(__xludf.DUMMYFUNCTION("""COMPUTED_VALUE"""),"TLPG TJ PERAK") -> TLPG TJ PERAK | U16: =IFERROR(__xludf.DUMMYFUNCTION("""COMPUTED_VALUE"""),2.0) -> 2 | V16: PT LAJU | X16: =IFERROR(__xludf.DUMMYFUNCTION("""COMPUTED_VALUE"""),15.0) -> 15 | Y16: =IFERROR(__xludf.DUMMYFUNCTION("""COMPUTED_VALUE"""),"AG 8384 UE") -> AG 8384 UE | Z16: =IFERROR(__xludf.DUMMYFUNCTION("""COMPUTED_VALUE"""),"TLPG TJ PERAK") -> TLPG TJ PERAK | AA16: =IFERROR(__xludf.DUMMYFUNCTION("""COMPUTED_VALUE"""),3.0) -> 3 | AB16: PT SURYA ADHILESTARI | AD16: =IFERROR(__xludf.DUMMYFUNCTION("""COMPUTED_VALUE"""),15.0) -> 15 | AE16: =IFERROR(__xludf.DUMMYFUNCTION("""COMPUTED_VALUE"""),"L 8537 UD") -> L 8537 UD | AF16: =IFERROR(__xludf.DUMMYFUNCTION("""COMPUTED_VALUE"""),"TLPG TJ PERAK") -> TLPG TJ PERAK | AG16: =IFERROR(__xludf.DUMMYFUNCTION("""COMPUTED_VALUE"""),4.0) -> 4 | AH16: PT GOENADI GASINDO PRATAMA | AJ16: =IFERROR(__xludf.DUMMYFUNCTION("""COMPUTED_VALUE"""),15.0) -> 15 | AK16: =IFERROR(__xludf.DUMMYFUNCTION("""COMPUTED_VALUE"""),"DK 8204 KO") -> DK 8204 KO | AL16: =IFERROR(__xludf.DUMMYFUNCTION("""COMPUTED_VALUE"""),"TLPG MANGGIS") -> TLPG MANGGIS | AM16: =IFERROR(__xludf.DUMMYFUNCTION("""COMPUTED_VALUE"""),5.0) -> 5 | AN16: SPPBE-PT. Dasico Panca Rena | AP16: =IFERROR(__xludf.DUMMYFUNCTION("""COMPUTED_VALUE"""),15.0) -> 15 | AQ16: =IFERROR(__xludf.DUMMYFUNCTION("""COMPUTED_VALUE"""),"L 9507 UL") -> L 9507 UL | AR16: =IFERROR(__xludf.DUMMYFUNCTION("""COMPUTED_VALUE"""),"TLPG TJ PERAK") -> TLPG TJ PERAK | AS16: =IFERROR(__xludf.DUMMYFUNCTION("""COMPUTED_VALUE"""),6.0) -> 6 | AT16: PT HELA CITRA AGUNG | AV16: ='KENDARAAN P1'!A:A -> B 9088 SEI
A17: =IFERROR(__xludf.DUMMYFUNCTION("""COMPUTED_VALUE"""),"B 9080 SEI") -> B 9080 SEI | B17: =IFERROR(__xludf.DUMMYFUNCTION("""COMPUTED_VALUE"""),"TLPG TJ WANGI") -> TLPG TJ WANGI | C17: =IFERROR(__xludf.DUMMYFUNCTION("""COMPUTED_VALUE"""),1.0) -> 1 | D17: 1 | E17: PT PATRA NIAGA 1 | G17: 16 | H17: =IFERROR(__xludf.DUMMYFUNCTION("""COMPUTED_VALUE"""),"DK 8696 AS") -> DK 8696 AS | I17: =IFERROR(__xludf.DUMMYFUNCTION("""COMPUTED_VALUE"""),"TLPG MANGGIS") -> TLPG MANGGIS | J17: =IFERROR(__xludf.DUMMYFUNCTION("""COMPUTED_VALUE"""),1.0) -> 1 | L17: =IFERROR(__xludf.DUMMYFUNCTION("""COMPUTED_VALUE"""),16.0) -> 16 | M17: =IFERROR(__xludf.DUMMYFUNCTION("""COMPUTED_VALUE"""),"DK 8696 AS") -> DK 8696 AS | N17: =IFERROR(__xludf.DUMMYFUNCTION("""COMPUTED_VALUE"""),"TLPG MANGGIS") -> TLPG MANGGIS | O17: =IFERROR(__xludf.DUMMYFUNCTION("""COMPUTED_VALUE"""),1.0) -> 1 | P17: Data Company Belum Ada | R17: =IFERROR(__xludf.DUMMYFUNCTION("""COMPUTED_VALUE"""),16.0) -> 16 | S17: =IFERROR(__xludf.DUMMYFUNCTION("""COMPUTED_VALUE"""),"AG 9312 UW") -> AG 9312 UW | T17: =IFERROR(__xludf.DUMMYFUNCTION("""COMPUTED_VALUE"""),"TLPG TJ PERAK") -> TLPG TJ PERAK | U17: =IFERROR(__xludf.DUMMYFUNCTION("""COMPUTED_VALUE"""),2.0) -> 2 | V17: PT LAJU | X17: =IFERROR(__xludf.DUMMYFUNCTION("""COMPUTED_VALUE"""),16.0) -> 16 | Y17: =IFERROR(__xludf.DUMMYFUNCTION("""COMPUTED_VALUE"""),"B 9115 SEI") -> B 9115 SEI | Z17: =IFERROR(__xludf.DUMMYFUNCTION("""COMPUTED_VALUE"""),"TLPG MEM GRESIK") -> TLPG MEM GRESIK | AA17: =IFERROR(__xludf.DUMMYFUNCTION("""COMPUTED_VALUE"""),3.0) -> 3 | AB17: PT PATRA NIAGA | AD17: =IFERROR(__xludf.DUMMYFUNCTION("""COMPUTED_VALUE"""),16.0) -> 16 | AE17: =IFERROR(__xludf.DUMMYFUNCTION("""COMPUTED_VALUE"""),"AE 8527 UJ") -> AE 8527 UJ | AF17: =IFERROR(__xludf.DUMMYFUNCTION("""COMPUTED_VALUE"""),"TLPG TJ PERAK") -> TLPG TJ PERAK | AG17: =IFERROR(__xludf.DUMMYFUNCTION("""COMPUTED_VALUE"""),4.0) -> 4 | AH17: PT RAMA MANGGALA GAS | AJ17: =IFERROR(__xludf.DUMMYFUNCTION("""COMPUTED_VALUE"""),16.0) -> 16 | AK17: =IFERROR(__xludf.DUMMYFUNCTION("""COMPUTED_VALUE"""),"DK 8859 CK") -> DK 8859 CK | AL17: =IFERROR(__xludf.DUMMYFUNCTION("""COMPUTED_VALUE"""),"TLPG MANGGIS") -> TLPG MANGGIS | AM17: =IFERROR(__xludf.DUMMYFUNCTION("""COMPUTED_VALUE"""),5.0) -> 5 | AN17: SPPBE-PT. Pande Agung Dewata | AP17: =IFERROR(__xludf.DUMMYFUNCTION("""COMPUTED_VALUE"""),16.0) -> 16 | AQ17: =IFERROR(__xludf.DUMMYFUNCTION("""COMPUTED_VALUE"""),"L 9644 BB") -> L 9644 BB | AR17: =IFERROR(__xludf.DUMMYFUNCTION("""COMPUTED_VALUE"""),"TLPG TJ PERAK") -> TLPG TJ PERAK | AS17: =IFERROR(__xludf.DUMMYFUNCTION("""COMPUTED_VALUE"""),6.0) -> 6 | AT17: PT ANDHIKA PUTRA TRIGAS LENTERA | AV17: ='KENDARAAN P1'!A:A -> L 8079 UQ
A18: =IFERROR(__xludf.DUMMYFUNCTION("""COMPUTED_VALUE"""),"B 9089 SEI") -> B 9089 SEI | B18: =IFERROR(__xludf.DUMMYFUNCTION("""COMPUTED_VALUE"""),"TLPG MEM GRESIK") -> TLPG MEM GRESIK | C18: =IFERROR(__xludf.DUMMYFUNCTION("""COMPUTED_VALUE"""),1.0) -> 1 | D18: 1 | E18: PT PATRA NIAGA | G18: 17 | H18: =IFERROR(__xludf.DUMMYFUNCTION("""COMPUTED_VALUE"""),"DR 8761 DC") -> DR 8761 DC | I18: =IFERROR(__xludf.DUMMYFUNCTION("""COMPUTED_VALUE"""),"TLPG LOMBOK") -> TLPG LOMBOK | J18: =IFERROR(__xludf.DUMMYFUNCTION("""COMPUTED_VALUE"""),1.0) -> 1 | L18: =IFERROR(__xludf.DUMMYFUNCTION("""COMPUTED_VALUE"""),17.0) -> 17 | M18: =IFERROR(__xludf.DUMMYFUNCTION("""COMPUTED_VALUE"""),"DR 8761 DC") -> DR 8761 DC | N18: =IFERROR(__xludf.DUMMYFUNCTION("""COMPUTED_VALUE"""),"TLPG LOMBOK") -> TLPG LOMBOK | O18: =IFERROR(__xludf.DUMMYFUNCTION("""COMPUTED_VALUE"""),1.0) -> 1 | P18: SPPBE-PT. Om Agus | R18: =IFERROR(__xludf.DUMMYFUNCTION("""COMPUTED_VALUE"""),17.0) -> 17 | S18: =IFERROR(__xludf.DUMMYFUNCTION("""COMPUTED_VALUE"""),"B 9098 SEI") -> B 9098 SEI | T18: =IFERROR(__xludf.DUMMYFUNCTION("""COMPUTED_VALUE"""),"TLPG MEM GRESIK") -> TLPG MEM GRESIK | U18: =IFERROR(__xludf.DUMMYFUNCTION("""COMPUTED_VALUE"""),2.0) -> 2 | V18: PT PATRA NIAGA | X18: =IFERROR(__xludf.DUMMYFUNCTION("""COMPUTED_VALUE"""),17.0) -> 17 | Y18: =IFERROR(__xludf.DUMMYFUNCTION("""COMPUTED_VALUE"""),"B 9203 TEK") -> B 9203 TEK | Z18: =IFERROR(__xludf.DUMMYFUNCTION("""COMPUTED_VALUE"""),"TLPG MEM GRESIK") -> TLPG MEM GRESIK | AA18: =IFERROR(__xludf.DUMMYFUNCTION("""COMPUTED_VALUE"""),3.0) -> 3 | AB18: PT ADAM TRANS | AD18: =IFERROR(__xludf.DUMMYFUNCTION("""COMPUTED_VALUE"""),17.0) -> 17 | AE18: =IFERROR(__xludf.DUMMYFUNCTION("""COMPUTED_VALUE"""),"AE 8858 UT") -> AE 8858 UT | AF18: =IFERROR(__xludf.DUMMYFUNCTION("""COMPUTED_VALUE"""),"TLPG TJ PERAK") -> TLPG TJ PERAK | AG18: =IFERROR(__xludf.DUMMYFUNCTION("""COMPUTED_VALUE"""),4.0) -> 4 | AH18: PT GANGSAR SENTOSA PETROLIUM | AJ18: =IFERROR(__xludf.DUMMYFUNCTION("""COMPUTED_VALUE"""),17.0) -> 17 | AK18: =IFERROR(__xludf.DUMMYFUNCTION("""COMPUTED_VALUE"""),"DR 8129 AH") -> DR 8129 AH | AL18: =IFERROR(__xludf.DUMMYFUNCTION("""COMPUTED_VALUE"""),"TLPG LOMBOK") -> TLPG LOMBOK | AM18: =IFERROR(__xludf.DUMMYFUNCTION("""COMPUTED_VALUE"""),5.0) -> 5 | AN18: SPPBE-PT. Surya Adiguna Indogas | AP18: =IFERROR(__xludf.DUMMYFUNCTION("""COMPUTED_VALUE"""),17.0) -> 17 | AQ18: =IFERROR(__xludf.DUMMYFUNCTION("""COMPUTED_VALUE"""),"L 9822 UE") -> L 9822 UE | AR18: =IFERROR(__xludf.DUMMYFUNCTION("""COMPUTED_VALUE"""),"TLPG TJ PERAK") -> TLPG TJ PERAK | AS18: =IFERROR(__xludf.DUMMYFUNCTION("""COMPUTED_VALUE"""),6.0) -> 6 | AT18: PT DHARMA TECH INFOMEDIA | AV18: ='KENDARAAN P1'!A:A -> L 8088 UR
A19: =IFERROR(__xludf.DUMMYFUNCTION("""COMPUTED_VALUE"""),"B 9711 SFU") -> B 9711 SFU | B19: =IFERROR(__xludf.DUMMYFUNCTION("""COMPUTED_VALUE"""),"TLPG TJ WANGI") -> TLPG TJ WANGI | C19: =IFERROR(__xludf.DUMMYFUNCTION("""COMPUTED_VALUE"""),1.0) -> 1 | D19: 1 | E19: PT PATRA NIAGA 1 | G19: 18 | H19: =IFERROR(__xludf.DUMMYFUNCTION("""COMPUTED_VALUE"""),"L 8116 UUC") -> L 8116 UUC | I19: =IFERROR(__xludf.DUMMYFUNCTION("""COMPUTED_VALUE"""),"TLPG BIMA") -> TLPG BIMA | J19: =IFERROR(__xludf.DUMMYFUNCTION("""COMPUTED_VALUE"""),1.0) -> 1 | L19: =IFERROR(__xludf.DUMMYFUNCTION("""COMPUTED_VALUE"""),18.0) -> 18 | M19: =IFERROR(__xludf.DUMMYFUNCTION("""COMPUTED_VALUE"""),"L 8116 UUC") -> L 8116 UUC | N19: =IFERROR(__xludf.DUMMYFUNCTION("""COMPUTED_VALUE"""),"TLPG BIMA") -> TLPG BIMA | O19: =IFERROR(__xludf.DUMMYFUNCTION("""COMPUTED_VALUE"""),1.0) -> 1 | P19: PT. SUMBAWA DUTA ENERGY | R19: =IFERROR(__xludf.DUMMYFUNCTION("""COMPUTED_VALUE"""),18.0) -> 18 | S19: =IFERROR(__xludf.DUMMYFUNCTION("""COMPUTED_VALUE"""),"B 9099 SEI") -> B 9099 SEI | T19: =IFERROR(__xludf.DUMMYFUNCTION("""COMPUTED_VALUE"""),"TLPG MEM GRESIK") -> TLPG MEM GRESIK | U19: =IFERROR(__xludf.DUMMYFUNCTION("""COMPUTED_VALUE"""),2.0) -> 2 | V19: PT PATRA NIAGA | X19: =IFERROR(__xludf.DUMMYFUNCTION("""COMPUTED_VALUE"""),18.0) -> 18 | Y19: =IFERROR(__xludf.DUMMYFUNCTION("""COMPUTED_VALUE"""),"B 9712 SFU") -> B 9712 SFU | Z19: =IFERROR(__xludf.DUMMYFUNCTION("""COMPUTED_VALUE"""),"TLPG MEM GRESIK") -> TLPG MEM GRESIK | AA19: =IFERROR(__xludf.DUMMYFUNCTION("""COMPUTED_VALUE"""),3.0) -> 3 | AB19: PT PATRA NIAGA | AD19: =IFERROR(__xludf.DUMMYFUNCTION("""COMPUTED_VALUE"""),18.0) -> 18 | AE19: =IFERROR(__xludf.DUMMYFUNCTION("""COMPUTED_VALUE"""),"AG 8115 UC") -> AG 8115 UC | AF19: =IFERROR(__xludf.DUMMYFUNCTION("""COMPUTED_VALUE"""),"TLPG TJ PERAK") -> TLPG TJ PERAK | AG19: =IFERROR(__xludf.DUMMYFUNCTION("""COMPUTED_VALUE"""),4.0) -> 4 | AH19: PT SURYA ADI LESTARI | AJ19: =IFERROR(__xludf.DUMMYFUNCTION("""COMPUTED_VALUE"""),18.0) -> 18 | AK19: =IFERROR(__xludf.DUMMYFUNCTION("""COMPUTED_VALUE"""),"DR 8309 LH") -> DR 8309 LH | AL19: =IFERROR(__xludf.DUMMYFUNCTION("""COMPUTED_VALUE"""),"TLPG LOMBOK") -> TLPG LOMBOK | AM19: =IFERROR(__xludf.DUMMYFUNCTION("""COMPUTED_VALUE"""),5.0) -> 5 | AN19: SPPBE-PT. Bintang Energi Abadi | AP19: =IFERROR(__xludf.DUMMYFUNCTION("""COMPUTED_VALUE"""),18.0) -> 18 | AQ19: =IFERROR(__xludf.DUMMYFUNCTION("""COMPUTED_VALUE"""),"P 8018 UF") -> P 8018 UF | AR19: =IFERROR(__xludf.DUMMYFUNCTION("""COMPUTED_VALUE"""),"TLPG TJ WANGI") -> TLPG TJ WANGI | AS19: =IFERROR(__xludf.DUMMYFUNCTION("""COMPUTED_VALUE"""),6.0) -> 6 | AT19: Data Company Belum Ada | AV19: ='KENDARAAN P1'!A:A -> B 9881 SFU
A20: =IFERROR(__xludf.DUMMYFUNCTION("""COMPUTED_VALUE"""),"B 9914 PEI") -> B 9914 PEI | B20: =IFERROR(__xludf.DUMMYFUNCTION("""COMPUTED_VALUE"""),"TLPG MANGGIS") -> TLPG MANGGIS | C20: =IFERROR(__xludf.DUMMYFUNCTION("""COMPUTED_VALUE"""),1.0) -> 1 | D20: 1 | E20: SPPBE-PT. Pancadarma Puspawira Putra | G20: 19 | H20: =IFERROR(__xludf.DUMMYFUNCTION("""COMPUTED_VALUE"""),"N 8435 UZ") -> N 8435 UZ | I20: =IFERROR(__xludf.DUMMYFUNCTION("""COMPUTED_VALUE"""),"TLPG MEM GRESIK") -> TLPG MEM GRESIK | J20: =IFERROR(__xludf.DUMMYFUNCTION("""COMPUTED_VALUE"""),1.0) -> 1 | L20: =IFERROR(__xludf.DUMMYFUNCTION("""COMPUTED_VALUE"""),19.0) -> 19 | M20: =IFERROR(__xludf.DUMMYFUNCTION("""COMPUTED_VALUE"""),"N 8435 UZ") -> N 8435 UZ | N20: =IFERROR(__xludf.DUMMYFUNCTION("""COMPUTED_VALUE"""),"TLPG MEM GRESIK") -> TLPG MEM GRESIK | O20: =IFERROR(__xludf.DUMMYFUNCTION("""COMPUTED_VALUE"""),1.0) -> 1 | P20: PT SENTOSA GASINDO RAYA | R20: =IFERROR(__xludf.DUMMYFUNCTION("""COMPUTED_VALUE"""),19.0) -> 19 | S20: =IFERROR(__xludf.DUMMYFUNCTION("""COMPUTED_VALUE"""),"N 8857 UR") -> N 8857 UR | T20: =IFERROR(__xludf.DUMMYFUNCTION("""COMPUTED_VALUE"""),"TLPG MEM GRESIK") -> TLPG MEM GRESIK | U20: =IFERROR(__xludf.DUMMYFUNCTION("""COMPUTED_VALUE"""),2.0) -> 2 | V20: PT PATRA NIAGA | X20: =IFERROR(__xludf.DUMMYFUNCTION("""COMPUTED_VALUE"""),19.0) -> 19 | Y20: =IFERROR(__xludf.DUMMYFUNCTION("""COMPUTED_VALUE"""),"B 9880 SFU") -> B 9880 SFU | Z20: =IFERROR(__xludf.DUMMYFUNCTION("""COMPUTED_VALUE"""),"TLPG MEM GRESIK") -> TLPG MEM GRESIK | AA20: =IFERROR(__xludf.DUMMYFUNCTION("""COMPUTED_VALUE"""),3.0) -> 3 | AB20: PT PATRA NIAGA | AD20: =IFERROR(__xludf.DUMMYFUNCTION("""COMPUTED_VALUE"""),19.0) -> 19 | AE20: =IFERROR(__xludf.DUMMYFUNCTION("""COMPUTED_VALUE"""),"AG 8893 YK") -> AG 8893 YK | AF20: =IFERROR(__xludf.DUMMYFUNCTION("""COMPUTED_VALUE"""),"TLPG TJ PERAK") -> TLPG TJ PERAK | AG20: =IFERROR(__xludf.DUMMYFUNCTION("""COMPUTED_VALUE"""),4.0) -> 4 | AH20: PT BINTANG CIPTA PERSADA | AJ20: =IFERROR(__xludf.DUMMYFUNCTION("""COMPUTED_VALUE"""),19.0) -> 19 | AK20: =IFERROR(__xludf.DUMMYFUNCTION("""COMPUTED_VALUE"""),"L 8035 BL") -> L 8035 BL | AL20: =IFERROR(__xludf.DUMMYFUNCTION("""COMPUTED_VALUE"""),"TLPG TJ PERAK") -> TLPG TJ PERAK | AM20: =IFERROR(__xludf.DUMMYFUNCTION("""COMPUTED_VALUE"""),5.0) -> 5 | AN20: PT CAHAYA ANUGERAH GASINDO | AP20: =IFERROR(__xludf.DUMMYFUNCTION("""COMPUTED_VALUE"""),19.0) -> 19 | AQ20: =IFERROR(__xludf.DUMMYFUNCTION("""COMPUTED_VALUE"""),"P 8046 Uf") -> P 8046 Uf | AR20: =IFERROR(__xludf.DUMMYFUNCTION("""COMPUTED_VALUE"""),"TLPG TJ WANGI") -> TLPG TJ WANGI | AS20: =IFERROR(__xludf.DUMMYFUNCTION("""COMPUTED_VALUE"""),6.0) -> 6 | AT20: Data Company Belum Ada | AV20: ='KENDARAAN P1'!A:A -> B 9717 SFU
A21: =IFERROR(__xludf.DUMMYFUNCTION("""COMPUTED_VALUE"""),"DK 8011 UK") -> DK 8011 UK | B21: =IFERROR(__xludf.DUMMYFUNCTION("""COMPUTED_VALUE"""),"TLPG MANGGIS") -> TLPG MANGGIS | C21: =IFERROR(__xludf.DUMMYFUNCTION("""COMPUTED_VALUE"""),1.0) -> 1 | D21: 1 | E21: SPPBE-PT. Ayu Sari Pertiwi | G21: 20 | H21: =IFERROR(__xludf.DUMMYFUNCTION("""COMPUTED_VALUE"""),"N 9502 UG") -> N 9502 UG | I21: =IFERROR(__xludf.DUMMYFUNCTION("""COMPUTED_VALUE"""),"TLPG TJ PERAK") -> TLPG TJ PERAK | J21: =IFERROR(__xludf.DUMMYFUNCTION("""COMPUTED_VALUE"""),1.0) -> 1 | L21: =IFERROR(__xludf.DUMMYFUNCTION("""COMPUTED_VALUE"""),20.0) -> 20 | M21: =IFERROR(__xludf.DUMMYFUNCTION("""COMPUTED_VALUE"""),"N 9502 UG") -> N 9502 UG | N21: =IFERROR(__xludf.DUMMYFUNCTION("""COMPUTED_VALUE"""),"TLPG TJ PERAK") -> TLPG TJ PERAK | O21: =IFERROR(__xludf.DUMMYFUNCTION("""COMPUTED_VALUE"""),1.0) -> 1 | P21: PT PETROGAS JATIM UTAMA | R21: =IFERROR(__xludf.DUMMYFUNCTION("""COMPUTED_VALUE"""),20.0) -> 20 | S21: =IFERROR(__xludf.DUMMYFUNCTION("""COMPUTED_VALUE"""),"DK 8023 UK") -> DK 8023 UK | T21: =IFERROR(__xludf.DUMMYFUNCTION("""COMPUTED_VALUE"""),"TLPG MANGGIS") -> TLPG MANGGIS | U21: =IFERROR(__xludf.DUMMYFUNCTION("""COMPUTED_VALUE"""),2.0) -> 2 | V21: SPPBE-PT. Gaya Investama | X21: =IFERROR(__xludf.DUMMYFUNCTION("""COMPUTED_VALUE"""),20.0) -> 20 | Y21: =IFERROR(__xludf.DUMMYFUNCTION("""COMPUTED_VALUE"""),"DK 8596 AO") -> DK 8596 AO | Z21: =IFERROR(__xludf.DUMMYFUNCTION("""COMPUTED_VALUE"""),"TLPG LOMBOK") -> TLPG LOMBOK | AA21: =IFERROR(__xludf.DUMMYFUNCTION("""COMPUTED_VALUE"""),3.0) -> 3 | AB21: SPPBE-PT. Permata Indah Dewata | AD21: =IFERROR(__xludf.DUMMYFUNCTION("""COMPUTED_VALUE"""),20.0) -> 20 | AE21: =IFERROR(__xludf.DUMMYFUNCTION("""COMPUTED_VALUE"""),"AG 9753 UB") -> AG 9753 UB | AF21: =IFERROR(__xludf.DUMMYFUNCTION("""COMPUTED_VALUE"""),"TLPG TJ PERAK") -> TLPG TJ PERAK | AG21: =IFERROR(__xludf.DUMMYFUNCTION("""COMPUTED_VALUE"""),4.0) -> 4 | AH21: PT SURYA ADHILESTARI | AJ21: =IFERROR(__xludf.DUMMYFUNCTION("""COMPUTED_VALUE"""),20.0) -> 20 | AK21: =IFERROR(__xludf.DUMMYFUNCTION("""COMPUTED_VALUE"""),"L 8079 UQ") -> L 8079 UQ | AL21: =IFERROR(__xludf.DUMMYFUNCTION("""COMPUTED_VALUE"""),"TLPG MEM GRESIK") -> TLPG MEM GRESIK | AM21: =IFERROR(__xludf.DUMMYFUNCTION("""COMPUTED_VALUE"""),5.0) -> 5 | AN21: PT PATRA NIAGA | AP21: =IFERROR(__xludf.DUMMYFUNCTION("""COMPUTED_VALUE"""),20.0) -> 20 | AQ21: =IFERROR(__xludf.DUMMYFUNCTION("""COMPUTED_VALUE"""),"P 8312 UG") -> P 8312 UG | AR21: =IFERROR(__xludf.DUMMYFUNCTION("""COMPUTED_VALUE"""),"TLPG TJ WANGI") -> TLPG TJ WANGI | AS21: =IFERROR(__xludf.DUMMYFUNCTION("""COMPUTED_VALUE"""),6.0) -> 6 | AT21: PT MEGA HULU ENERGI | AV21: ='KENDARAAN P1'!A:A -> L 8088 UZ
A22: =IFERROR(__xludf.DUMMYFUNCTION("""COMPUTED_VALUE"""),"DK 8018 UF") -> DK 8018 UF | B22: =IFERROR(__xludf.DUMMYFUNCTION("""COMPUTED_VALUE"""),"TLPG MANGGIS") -> TLPG MANGGIS | C22: =IFERROR(__xludf.DUMMYFUNCTION("""COMPUTED_VALUE"""),1.0) -> 1 | D22: 1 | E22: SPPBE-PT. Gaya Investama | G22: 21 | H22: =IFERROR(__xludf.DUMMYFUNCTION("""COMPUTED_VALUE"""),"P 8920 UG") -> P 8920 UG | I22: =IFERROR(__xludf.DUMMYFUNCTION("""COMPUTED_VALUE"""),"TLPG TJ WANGI") -> TLPG TJ WANGI | J22: =IFERROR(__xludf.DUMMYFUNCTION("""COMPUTED_VALUE"""),1.0) -> 1 | L22: =IFERROR(__xludf.DUMMYFUNCTION("""COMPUTED_VALUE"""),21.0) -> 21 | M22: =IFERROR(__xludf.DUMMYFUNCTION("""COMPUTED_VALUE"""),"P 8920 UG") -> P 8920 UG | N22: =IFERROR(__xludf.DUMMYFUNCTION("""COMPUTED_VALUE"""),"TLPG TJ WANGI") -> TLPG TJ WANGI | O22: =IFERROR(__xludf.DUMMYFUNCTION("""COMPUTED_VALUE"""),1.0) -> 1 | P22: PT MEGA HULU ENEGRI | R22: =IFERROR(__xludf.DUMMYFUNCTION("""COMPUTED_VALUE"""),21.0) -> 21 | S22: =IFERROR(__xludf.DUMMYFUNCTION("""COMPUTED_VALUE"""),"DK 8029 UK") -> DK 8029 UK | T22: =IFERROR(__xludf.DUMMYFUNCTION("""COMPUTED_VALUE"""),"TLPG MANGGIS") -> TLPG MANGGIS | U22: =IFERROR(__xludf.DUMMYFUNCTION("""COMPUTED_VALUE"""),2.0) -> 2 | V22: SPPBE-PT. Ayu Sari Pertiwi | X22: =IFERROR(__xludf.DUMMYFUNCTION("""COMPUTED_VALUE"""),21.0) -> 21 | Y22: =IFERROR(__xludf.DUMMYFUNCTION("""COMPUTED_VALUE"""),"DK 8611 AO") -> DK 8611 AO | Z22: =IFERROR(__xludf.DUMMYFUNCTION("""COMPUTED_VALUE"""),"TLPG LOMBOK") -> TLPG LOMBOK | AA22: =IFERROR(__xludf.DUMMYFUNCTION("""COMPUTED_VALUE"""),3.0) -> 3 | AB22: SPPBE-PT. Permata Indah Dewata | AD22: =IFERROR(__xludf.DUMMYFUNCTION("""COMPUTED_VALUE"""),21.0) -> 21 | AE22: =IFERROR(__xludf.DUMMYFUNCTION("""COMPUTED_VALUE"""),"L 8036 UUB") -> L 8036 UUB | AF22: =IFERROR(__xludf.DUMMYFUNCTION("""COMPUTED_VALUE"""),"TLPG MEM GRESIK") -> TLPG MEM GRESIK | AG22: =IFERROR(__xludf.DUMMYFUNCTION("""COMPUTED_VALUE"""),4.0) -> 4 | AH22: PT KARYA USAHA LESTARI | AJ22: =IFERROR(__xludf.DUMMYFUNCTION("""COMPUTED_VALUE"""),21.0) -> 21 | AK22: =IFERROR(__xludf.DUMMYFUNCTION("""COMPUTED_VALUE"""),"L 8107 UUA") -> L 8107 UUA | AL22: =IFERROR(__xludf.DUMMYFUNCTION("""COMPUTED_VALUE"""),"TLPG TJ PERAK") -> TLPG TJ PERAK | AM22: =IFERROR(__xludf.DUMMYFUNCTION("""COMPUTED_VALUE"""),5.0) -> 5 | AN22: PT GELORA MERATUS MANDIRI | AP22: =IFERROR(__xludf.DUMMYFUNCTION("""COMPUTED_VALUE"""),21.0) -> 21 | AQ22: =IFERROR(__xludf.DUMMYFUNCTION("""COMPUTED_VALUE"""),"W 8729 QD") -> W 8729 QD | AR22: =IFERROR(__xludf.DUMMYFUNCTION("""COMPUTED_VALUE"""),"TLPG TJ PERAK") -> TLPG TJ PERAK | AS22: =IFERROR(__xludf.DUMMYFUNCTION("""COMPUTED_VALUE"""),6.0) -> 6 | AT22: PT SUMAN GAUNG PERSADA | AV22: ='KENDARAAN P1'!A:A -> L 8099 UR
A23: =IFERROR(__xludf.DUMMYFUNCTION("""COMPUTED_VALUE"""),"DK 8696 AS") -> DK 8696 AS | B23: =IFERROR(__xludf.DUMMYFUNCTION("""COMPUTED_VALUE"""),"TLPG MANGGIS") -> TLPG MANGGIS | C23: =IFERROR(__xludf.DUMMYFUNCTION("""COMPUTED_VALUE"""),1.0) -> 1 | D23: 1 | E23: Data Company Belum Ada | G23: 22 | H23: =IFERROR(__xludf.DUMMYFUNCTION("""COMPUTED_VALUE"""),"L 9390 UU") -> L 9390 UU | I23: =IFERROR(__xludf.DUMMYFUNCTION("""COMPUTED_VALUE"""),"TLPG TJ WANGI") -> TLPG TJ WANGI | J23: =IFERROR(__xludf.DUMMYFUNCTION("""COMPUTED_VALUE"""),1.0) -> 1 | L23: =IFERROR(__xludf.DUMMYFUNCTION("""COMPUTED_VALUE"""),22.0) -> 22 | M23: =IFERROR(__xludf.DUMMYFUNCTION("""COMPUTED_VALUE"""),"L 9390 UU") -> L 9390 UU | N23: =IFERROR(__xludf.DUMMYFUNCTION("""COMPUTED_VALUE"""),"TLPG TJ WANGI") -> TLPG TJ WANGI | O23: =IFERROR(__xludf.DUMMYFUNCTION("""COMPUTED_VALUE"""),1.0) -> 1 | P23: Data Company Belum Ada | R23: =IFERROR(__xludf.DUMMYFUNCTION("""COMPUTED_VALUE"""),22.0) -> 22 | S23: =IFERROR(__xludf.DUMMYFUNCTION("""COMPUTED_VALUE"""),"DK 8035 UI") -> DK 8035 UI | T23: =IFERROR(__xludf.DUMMYFUNCTION("""COMPUTED_VALUE"""),"TLPG MANGGIS") -> TLPG MANGGIS | U23: =IFERROR(__xludf.DUMMYFUNCTION("""COMPUTED_VALUE"""),2.0) -> 2 | V23: SPPBE-PT. Gaya Investama | X23: =IFERROR(__xludf.DUMMYFUNCTION("""COMPUTED_VALUE"""),22.0) -> 22 | Y23: =IFERROR(__xludf.DUMMYFUNCTION("""COMPUTED_VALUE"""),"AG 8654 UZ") -> AG 8654 UZ | Z23: =IFERROR(__xludf.DUMMYFUNCTION("""COMPUTED_VALUE"""),"TLPG TJ PERAK") -> TLPG TJ PERAK | AA23: =IFERROR(__xludf.DUMMYFUNCTION("""COMPUTED_VALUE"""),3.0) -> 3 | AB23: PT DIAN EL HADA | AD23: =IFERROR(__xludf.DUMMYFUNCTION("""COMPUTED_VALUE"""),22.0) -> 22 | AE23: =IFERROR(__xludf.DUMMYFUNCTION("""COMPUTED_VALUE"""),"L 8063 BL") -> L 8063 BL | AF23: =IFERROR(__xludf.DUMMYFUNCTION("""COMPUTED_VALUE"""),"TLPG TJ PERAK") -> TLPG TJ PERAK | AG23: =IFERROR(__xludf.DUMMYFUNCTION("""COMPUTED_VALUE"""),4.0) -> 4 | AH23: PT DHARMA TECH INFOMEDIA | AJ23: =IFERROR(__xludf.DUMMYFUNCTION("""COMPUTED_VALUE"""),22.0) -> 22 | AK23: =IFERROR(__xludf.DUMMYFUNCTION("""COMPUTED_VALUE"""),"L 8418 AG") -> L 8418 AG | AL23: =IFERROR(__xludf.DUMMYFUNCTION("""COMPUTED_VALUE"""),"TLPG TJ PERAK") -> TLPG TJ PERAK | AM23: =IFERROR(__xludf.DUMMYFUNCTION("""COMPUTED_VALUE"""),5.0) -> 5 | AN23: PT PETROGAS JATIM UTAMA | AP23: =IFERROR(__xludf.DUMMYFUNCTION("""COMPUTED_VALUE"""),22.0) -> 22 | AQ23: =IFERROR(__xludf.DUMMYFUNCTION("""COMPUTED_VALUE"""),"DK 8117 FS") -> DK 8117 FS | AR23: =IFERROR(__xludf.DUMMYFUNCTION("""COMPUTED_VALUE"""),"TLPG MANGGIS") -> TLPG MANGGIS | AS23: =IFERROR(__xludf.DUMMYFUNCTION("""COMPUTED_VALUE"""),6.0) -> 6 | AT23: SPPBE-PT. Prapen Ananda Dewata | AV23: ='KENDARAAN P1'!A:A -> L 8088 UO
A24: =IFERROR(__xludf.DUMMYFUNCTION("""COMPUTED_VALUE"""),"DR 8761 DC") -> DR 8761 DC | B24: =IFERROR(__xludf.DUMMYFUNCTION("""COMPUTED_VALUE"""),"TLPG LOMBOK") -> TLPG LOMBOK | C24: =IFERROR(__xludf.DUMMYFUNCTION("""COMPUTED_VALUE"""),1.0) -> 1 | D24: 1 | E24: SPPBE-PT. Om Agus | G24: 23 | H24: =IFERROR(__xludf.DUMMYFUNCTION("""COMPUTED_VALUE"""),"L 9718 UD") -> L 9718 UD | I24: =IFERROR(__xludf.DUMMYFUNCTION("""COMPUTED_VALUE"""),"TLPG TJ PERAK") -> TLPG TJ PERAK | J24: =IFERROR(__xludf.DUMMYFUNCTION("""COMPUTED_VALUE"""),1.0) -> 1 | L24: =IFERROR(__xludf.DUMMYFUNCTION("""COMPUTED_VALUE"""),23.0) -> 23 | M24: =IFERROR(__xludf.DUMMYFUNCTION("""COMPUTED_VALUE"""),"L 9718 UD") -> L 9718 UD | N24: =IFERROR(__xludf.DUMMYFUNCTION("""COMPUTED_VALUE"""),"TLPG TJ PERAK") -> TLPG TJ PERAK | O24: =IFERROR(__xludf.DUMMYFUNCTION("""COMPUTED_VALUE"""),1.0) -> 1 | P24: PT GEHA INTI CITRA | R24: =IFERROR(__xludf.DUMMYFUNCTION("""COMPUTED_VALUE"""),23.0) -> 23 | S24: =IFERROR(__xludf.DUMMYFUNCTION("""COMPUTED_VALUE"""),"DK 8533 CE") -> DK 8533 CE | T24: =IFERROR(__xludf.DUMMYFUNCTION("""COMPUTED_VALUE"""),"TLPG MANGGIS") -> TLPG MANGGIS | U24: =IFERROR(__xludf.DUMMYFUNCTION("""COMPUTED_VALUE"""),2.0) -> 2 | V24: PT HELA CITRA AGUNG | X24: =IFERROR(__xludf.DUMMYFUNCTION("""COMPUTED_VALUE"""),23.0) -> 23 | Y24: =IFERROR(__xludf.DUMMYFUNCTION("""COMPUTED_VALUE"""),"N 9307 WD") -> N 9307 WD | Z24: =IFERROR(__xludf.DUMMYFUNCTION("""COMPUTED_VALUE"""),"TLPG TJ PERAK") -> TLPG TJ PERAK | AA24: =IFERROR(__xludf.DUMMYFUNCTION("""COMPUTED_VALUE"""),3.0) -> 3 | AB24: PT TATA BERSAMA | AD24: =IFERROR(__xludf.DUMMYFUNCTION("""COMPUTED_VALUE"""),23.0) -> 23 | AE24: =IFERROR(__xludf.DUMMYFUNCTION("""COMPUTED_VALUE"""),"L 8454 N") -> L 8454 N | AF24: =IFERROR(__xludf.DUMMYFUNCTION("""COMPUTED_VALUE"""),"TLPG TJ PERAK") -> TLPG TJ PERAK | AG24: =IFERROR(__xludf.DUMMYFUNCTION("""COMPUTED_VALUE"""),4.0) -> 4 | AH24: PT ANDHIKA DIAN UTAMA | AJ24: =IFERROR(__xludf.DUMMYFUNCTION("""COMPUTED_VALUE"""),23.0) -> 23 | AK24: =IFERROR(__xludf.DUMMYFUNCTION("""COMPUTED_VALUE"""),"L 8684 AG") -> L 8684 AG | AL24: =IFERROR(__xludf.DUMMYFUNCTION("""COMPUTED_VALUE"""),"TLPG TJ PERAK") -> TLPG TJ PERAK | AM24: =IFERROR(__xludf.DUMMYFUNCTION("""COMPUTED_VALUE"""),5.0) -> 5 | AN24: PT ANDHIKA PUTRA TRIGAS LENTERA | AP24: =IFERROR(__xludf.DUMMYFUNCTION("""COMPUTED_VALUE"""),23.0) -> 23 | AQ24: =IFERROR(__xludf.DUMMYFUNCTION("""COMPUTED_VALUE"""),"DK 8302 HF") -> DK 8302 HF | AR24: =IFERROR(__xludf.DUMMYFUNCTION("""COMPUTED_VALUE"""),"TLPG MANGGIS") -> TLPG MANGGIS | AS24: =IFERROR(__xludf.DUMMYFUNCTION("""COMPUTED_VALUE"""),6.0) -> 6 | AT24: SPPBE-PT. Kiani Pasifik Nusantara | AV24: ='KENDARAAN P1'!A:A -> B 9123 SEI
A25: =IFERROR(__xludf.DUMMYFUNCTION("""COMPUTED_VALUE"""),"L 8116 UUC") -> L 8116 UUC | B25: =IFERROR(__xludf.DUMMYFUNCTION("""COMPUTED_VALUE"""),"TLPG BIMA") -> TLPG BIMA | C25: =IFERROR(__xludf.DUMMYFUNCTION("""COMPUTED_VALUE"""),1.0) -> 1 | D25: 1 | E25: PT. SUMBAWA DUTA ENERGY | G25: 24 | H25: =IFERROR(__xludf.DUMMYFUNCTION("""COMPUTED_VALUE"""),"P 8172 UF") -> P 8172 UF | I25: =IFERROR(__xludf.DUMMYFUNCTION("""COMPUTED_VALUE"""),"TLPG TJ WANGI") -> TLPG TJ WANGI | J25: =IFERROR(__xludf.DUMMYFUNCTION("""COMPUTED_VALUE"""),1.0) -> 1 | L25: =IFERROR(__xludf.DUMMYFUNCTION("""COMPUTED_VALUE"""),24.0) -> 24 | M25: =IFERROR(__xludf.DUMMYFUNCTION("""COMPUTED_VALUE"""),"P 8172 UF") -> P 8172 UF | N25: =IFERROR(__xludf.DUMMYFUNCTION("""COMPUTED_VALUE"""),"TLPG TJ WANGI") -> TLPG TJ WANGI | O25: =IFERROR(__xludf.DUMMYFUNCTION("""COMPUTED_VALUE"""),1.0) -> 1 | P25: Data Company Belum Ada | R25: =IFERROR(__xludf.DUMMYFUNCTION("""COMPUTED_VALUE"""),24.0) -> 24 | S25: =IFERROR(__xludf.DUMMYFUNCTION("""COMPUTED_VALUE"""),"N 9195 UF") -> N 9195 UF | T25: =IFERROR(__xludf.DUMMYFUNCTION("""COMPUTED_VALUE"""),"TLPG TJ PERAK") -> TLPG TJ PERAK | U25: =IFERROR(__xludf.DUMMYFUNCTION("""COMPUTED_VALUE"""),2.0) -> 2 | V25: PT LAJU | X25: =IFERROR(__xludf.DUMMYFUNCTION("""COMPUTED_VALUE"""),24.0) -> 24 | Y25: =IFERROR(__xludf.DUMMYFUNCTION("""COMPUTED_VALUE"""),"AG 9153 UR") -> AG 9153 UR | Z25: =IFERROR(__xludf.DUMMYFUNCTION("""COMPUTED_VALUE"""),"TLPG TJ PERAK") -> TLPG TJ PERAK | AA25: =IFERROR(__xludf.DUMMYFUNCTION("""COMPUTED_VALUE"""),3.0) -> 3 | AB25: PT GANGSAR SENTOSA PETROLIUM | AD25: =IFERROR(__xludf.DUMMYFUNCTION("""COMPUTED_VALUE"""),24.0) -> 24 | AE25: =IFERROR(__xludf.DUMMYFUNCTION("""COMPUTED_VALUE"""),"L 8547 UI") -> L 8547 UI | AF25: =IFERROR(__xludf.DUMMYFUNCTION("""COMPUTED_VALUE"""),"TLPG TJ PERAK") -> TLPG TJ PERAK | AG25: =IFERROR(__xludf.DUMMYFUNCTION("""COMPUTED_VALUE"""),4.0) -> 4 | AH25: PT MULTI BERKAH AMANAH | AJ25: =IFERROR(__xludf.DUMMYFUNCTION("""COMPUTED_VALUE"""),24.0) -> 24 | AK25: =IFERROR(__xludf.DUMMYFUNCTION("""COMPUTED_VALUE"""),"N 9910 UN") -> N 9910 UN | AL25: =IFERROR(__xludf.DUMMYFUNCTION("""COMPUTED_VALUE"""),"TLPG TJ WANGI") -> TLPG TJ WANGI | AM25: =IFERROR(__xludf.DUMMYFUNCTION("""COMPUTED_VALUE"""),5.0) -> 5 | AN25: PT MAHKOTA MIGAS PERKASA | AP25: =IFERROR(__xludf.DUMMYFUNCTION("""COMPUTED_VALUE"""),24.0) -> 24 | AQ25: =IFERROR(__xludf.DUMMYFUNCTION("""COMPUTED_VALUE"""),"DK 8352 GZ") -> DK 8352 GZ | AR25: =IFERROR(__xludf.DUMMYFUNCTION("""COMPUTED_VALUE"""),"TLPG MANGGIS") -> TLPG MANGGIS | AS25: =IFERROR(__xludf.DUMMYFUNCTION("""COMPUTED_VALUE"""),6.0) -> 6 | AT25: SPPBE-PT. Sembilan Semangat | AV25: ='KENDARAAN P1'!A:A -> L 9819 UJ
A26: =IFERROR(__xludf.DUMMYFUNCTION("""COMPUTED_VALUE"""),"N 8435 UZ") -> N 8435 UZ | B26: =IFERROR(__xludf.DUMMYFUNCTION("""COMPUTED_VALUE"""),"TLPG MEM GRESIK") -> TLPG MEM GRESIK | C26: =IFERROR(__xludf.DUMMYFUNCTION("""COMPUTED_VALUE"""),1.0) -> 1 | D26: 1 | E26: PT SENTOSA GASINDO RAYA | G26: 25 | H26: =IFERROR(__xludf.DUMMYFUNCTION("""COMPUTED_VALUE"""),"AG 8263 UW") -> AG 8263 UW | I26: =IFERROR(__xludf.DUMMYFUNCTION("""COMPUTED_VALUE"""),"TLPG TJ PERAK") -> TLPG TJ PERAK | J26: =IFERROR(__xludf.DUMMYFUNCTION("""COMPUTED_VALUE"""),1.0) -> 1 | L26: =IFERROR(__xludf.DUMMYFUNCTION("""COMPUTED_VALUE"""),25.0) -> 25 | M26: =IFERROR(__xludf.DUMMYFUNCTION("""COMPUTED_VALUE"""),"AG 8263 UW") -> AG 8263 UW | N26: =IFERROR(__xludf.DUMMYFUNCTION("""COMPUTED_VALUE"""),"TLPG TJ PERAK") -> TLPG TJ PERAK | O26: =IFERROR(__xludf.DUMMYFUNCTION("""COMPUTED_VALUE"""),1.0) -> 1 | P26: PT LAMONGAN JOYO | R26: =IFERROR(__xludf.DUMMYFUNCTION("""COMPUTED_VALUE"""),25.0) -> 25 | S26: =IFERROR(__xludf.DUMMYFUNCTION("""COMPUTED_VALUE"""),"DK 8139 TS") -> DK 8139 TS | T26: =IFERROR(__xludf.DUMMYFUNCTION("""COMPUTED_VALUE"""),"TLPG MANGGIS") -> TLPG MANGGIS | U26: =IFERROR(__xludf.DUMMYFUNCTION("""COMPUTED_VALUE"""),2.0) -> 2 | V26: SPPBE-PT. Gasari Mas Timur | X26: =IFERROR(__xludf.DUMMYFUNCTION("""COMPUTED_VALUE"""),25.0) -> 25 | Y26: =IFERROR(__xludf.DUMMYFUNCTION("""COMPUTED_VALUE"""),"DK 8236 GH") -> DK 8236 GH | Z26: =IFERROR(__xludf.DUMMYFUNCTION("""COMPUTED_VALUE"""),"TLPG MANGGIS") -> TLPG MANGGIS | AA26: =IFERROR(__xludf.DUMMYFUNCTION("""COMPUTED_VALUE"""),3.0) -> 3 | AB26: SPPBE-PT. Kiani Pasifik Nusantara | AD26: =IFERROR(__xludf.DUMMYFUNCTION("""COMPUTED_VALUE"""),25.0) -> 25 | AE26: =IFERROR(__xludf.DUMMYFUNCTION("""COMPUTED_VALUE"""),"AE 8850 UT") -> AE 8850 UT | AF26: =IFERROR(__xludf.DUMMYFUNCTION("""COMPUTED_VALUE"""),"TLPG TJ PERAK") -> TLPG TJ PERAK | AG26: =IFERROR(__xludf.DUMMYFUNCTION("""COMPUTED_VALUE"""),4.0) -> 4 | AH26: PT GUBAH TIARA PERKASA | AJ26: =IFERROR(__xludf.DUMMYFUNCTION("""COMPUTED_VALUE"""),25.0) -> 25 | AK26: =IFERROR(__xludf.DUMMYFUNCTION("""COMPUTED_VALUE"""),"P 8016 UW") -> P 8016 UW | AL26: =IFERROR(__xludf.DUMMYFUNCTION("""COMPUTED_VALUE"""),"TLPG TJ WANGI") -> TLPG TJ WANGI | AM26: =IFERROR(__xludf.DUMMYFUNCTION("""COMPUTED_VALUE"""),5.0) -> 5 | AN26: Data Company Belum Ada | AP26: =IFERROR(__xludf.DUMMYFUNCTION("""COMPUTED_VALUE"""),25.0) -> 25 | AQ26: =IFERROR(__xludf.DUMMYFUNCTION("""COMPUTED_VALUE"""),"L 8192 UX") -> L 8192 UX | AR26: =IFERROR(__xludf.DUMMYFUNCTION("""COMPUTED_VALUE"""),"TLPG MEM GRESIK") -> TLPG MEM GRESIK | AS26: =IFERROR(__xludf.DUMMYFUNCTION("""COMPUTED_VALUE"""),6.0) -> 6 | AT26: PT PERMATA ENERGI BUMI INDONESIA | AV26: ='KENDARAAN P1'!A:A -> L 9820 UJ
A27: =IFERROR(__xludf.DUMMYFUNCTION("""COMPUTED_VALUE"""),"N 9502 UG") -> N 9502 UG | B27: =IFERROR(__xludf.DUMMYFUNCTION("""COMPUTED_VALUE"""),"TLPG TJ PERAK") -> TLPG TJ PERAK | C27: =IFERROR(__xludf.DUMMYFUNCTION("""COMPUTED_VALUE"""),1.0) -> 1 | D27: 1 | E27: PT PETROGAS JATIM UTAMA | G27: 26 | H27: =IFERROR(__xludf.DUMMYFUNCTION("""COMPUTED_VALUE"""),"DK 8148 TS") -> DK 8148 TS | I27: =IFERROR(__xludf.DUMMYFUNCTION("""COMPUTED_VALUE"""),"TLPG MANGGIS") -> TLPG MANGGIS | J27: =IFERROR(__xludf.DUMMYFUNCTION("""COMPUTED_VALUE"""),1.0) -> 1 | L27: =IFERROR(__xludf.DUMMYFUNCTION("""COMPUTED_VALUE"""),26.0) -> 26 | M27: =IFERROR(__xludf.DUMMYFUNCTION("""COMPUTED_VALUE"""),"DK 8148 TS") -> DK 8148 TS | N27: =IFERROR(__xludf.DUMMYFUNCTION("""COMPUTED_VALUE"""),"TLPG MANGGIS") -> TLPG MANGGIS | O27: =IFERROR(__xludf.DUMMYFUNCTION("""COMPUTED_VALUE"""),1.0) -> 1 | P27: SPPBE-PT. Gasari Mas Timur | R27: =IFERROR(__xludf.DUMMYFUNCTION("""COMPUTED_VALUE"""),26.0) -> 26 | S27: =IFERROR(__xludf.DUMMYFUNCTION("""COMPUTED_VALUE"""),"DK 8141 JM") -> DK 8141 JM | T27: =IFERROR(__xludf.DUMMYFUNCTION("""COMPUTED_VALUE"""),"TLPG MANGGIS") -> TLPG MANGGIS | U27: =IFERROR(__xludf.DUMMYFUNCTION("""COMPUTED_VALUE"""),2.0) -> 2 | V27: SPPBE-PT. Pancadarma Puspawira Putra | X27: =IFERROR(__xludf.DUMMYFUNCTION("""COMPUTED_VALUE"""),26.0) -> 26 | Y27: =IFERROR(__xludf.DUMMYFUNCTION("""COMPUTED_VALUE"""),"DK 8268 HH") -> DK 8268 HH | Z27: =IFERROR(__xludf.DUMMYFUNCTION("""COMPUTED_VALUE"""),"TLPG MANGGIS") -> TLPG MANGGIS | AA27: =IFERROR(__xludf.DUMMYFUNCTION("""COMPUTED_VALUE"""),3.0) -> 3 | AB27: SPPBE-PT. Kiani Pasifik Nusantara | AD27: =IFERROR(__xludf.DUMMYFUNCTION("""COMPUTED_VALUE"""),26.0) -> 26 | AE27: =IFERROR(__xludf.DUMMYFUNCTION("""COMPUTED_VALUE"""),"AG 8828 UW") -> AG 8828 UW | AF27: =IFERROR(__xludf.DUMMYFUNCTION("""COMPUTED_VALUE"""),"TLPG TJ PERAK") -> TLPG TJ PERAK | AG27: =IFERROR(__xludf.DUMMYFUNCTION("""COMPUTED_VALUE"""),4.0) -> 4 | AH27: PT GUBAH TIARA PERKASA | AJ27: =IFERROR(__xludf.DUMMYFUNCTION("""COMPUTED_VALUE"""),26.0) -> 26 | AK27: =IFERROR(__xludf.DUMMYFUNCTION("""COMPUTED_VALUE"""),"L 9521 UL") -> L 9521 UL | AL27: =IFERROR(__xludf.DUMMYFUNCTION("""COMPUTED_VALUE"""),"TLPG TJ PERAK") -> TLPG TJ PERAK | AM27: =IFERROR(__xludf.DUMMYFUNCTION("""COMPUTED_VALUE"""),5.0) -> 5 | AN27: PT HELA CITRA AGUNG | AP27: =IFERROR(__xludf.DUMMYFUNCTION("""COMPUTED_VALUE"""),26.0) -> 26 | AQ27: =IFERROR(__xludf.DUMMYFUNCTION("""COMPUTED_VALUE"""),"M 8068 UH") -> M 8068 UH | AR27: =IFERROR(__xludf.DUMMYFUNCTION("""COMPUTED_VALUE"""),"TLPG TJ PERAK") -> TLPG TJ PERAK | AS27: =IFERROR(__xludf.DUMMYFUNCTION("""COMPUTED_VALUE"""),6.0) -> 6 | AT27: PT TRIJAYA ADYMIX BANGKALAN | AV27: ='KENDARAAN P1'!A:A -> B 9873 SFV
A28: =IFERROR(__xludf.DUMMYFUNCTION("""COMPUTED_VALUE"""),"P 8920 UG") -> P 8920 UG | B28: =IFERROR(__xludf.DUMMYFUNCTION("""COMPUTED_VALUE"""),"TLPG TJ WANGI") -> TLPG TJ WANGI | C28: =IFERROR(__xludf.DUMMYFUNCTION("""COMPUTED_VALUE"""),1.0) -> 1 | D28: 1 | E28: PT MEGA HULU ENEGRI | G28: 27 | H28: =IFERROR(__xludf.DUMMYFUNCTION("""COMPUTED_VALUE"""),"DK 8197 BK") -> DK 8197 BK | I28: =IFERROR(__xludf.DUMMYFUNCTION("""COMPUTED_VALUE"""),"TLPG MANGGIS") -> TLPG MANGGIS | J28: =IFERROR(__xludf.DUMMYFUNCTION("""COMPUTED_VALUE"""),1.0) -> 1 | L28: =IFERROR(__xludf.DUMMYFUNCTION("""COMPUTED_VALUE"""),27.0) -> 27 | M28: =IFERROR(__xludf.DUMMYFUNCTION("""COMPUTED_VALUE"""),"DK 8197 BK") -> DK 8197 BK | N28: =IFERROR(__xludf.DUMMYFUNCTION("""COMPUTED_VALUE"""),"TLPG MANGGIS") -> TLPG MANGGIS | O28: =IFERROR(__xludf.DUMMYFUNCTION("""COMPUTED_VALUE"""),1.0) -> 1 | P28: SPPBE-PT. Sari Dharma Mandiri | R28: =IFERROR(__xludf.DUMMYFUNCTION("""COMPUTED_VALUE"""),27.0) -> 27 | S28: =IFERROR(__xludf.DUMMYFUNCTION("""COMPUTED_VALUE"""),"L 8083 CA") -> L 8083 CA | T28: =IFERROR(__xludf.DUMMYFUNCTION("""COMPUTED_VALUE"""),"TLPG TJ WANGI") -> TLPG TJ WANGI | U28: =IFERROR(__xludf.DUMMYFUNCTION("""COMPUTED_VALUE"""),2.0) -> 2 | V28: PT KARYA GEMILANG GAS SEJAHTERA | X28: =IFERROR(__xludf.DUMMYFUNCTION("""COMPUTED_VALUE"""),27.0) -> 27 | Y28: =IFERROR(__xludf.DUMMYFUNCTION("""COMPUTED_VALUE"""),"DK 8285 DT") -> DK 8285 DT | Z28: =IFERROR(__xludf.DUMMYFUNCTION("""COMPUTED_VALUE"""),"TLPG MANGGIS") -> TLPG MANGGIS | AA28: =IFERROR(__xludf.DUMMYFUNCTION("""COMPUTED_VALUE"""),3.0) -> 3 | AB28: SPPBE-PT. Prapen Ananda Dewata | AD28: =IFERROR(__xludf.DUMMYFUNCTION("""COMPUTED_VALUE"""),27.0) -> 27 | AE28: =IFERROR(__xludf.DUMMYFUNCTION("""COMPUTED_VALUE"""),"B 9123 SEI") -> B 9123 SEI | AF28: =IFERROR(__xludf.DUMMYFUNCTION("""COMPUTED_VALUE"""),"TLPG MEM GRESIK") -> TLPG MEM GRESIK | AG28: =IFERROR(__xludf.DUMMYFUNCTION("""COMPUTED_VALUE"""),4.0) -> 4 | AH28: PT PATRA NIAGA | AJ28: =IFERROR(__xludf.DUMMYFUNCTION("""COMPUTED_VALUE"""),27.0) -> 27 | AK28: =IFERROR(__xludf.DUMMYFUNCTION("""COMPUTED_VALUE"""),"L 9532 UL") -> L 9532 UL | AL28: =IFERROR(__xludf.DUMMYFUNCTION("""COMPUTED_VALUE"""),"TLPG TJ PERAK") -> TLPG TJ PERAK | AM28: =IFERROR(__xludf.DUMMYFUNCTION("""COMPUTED_VALUE"""),5.0) -> 5 | AN28: PT HELA CITRA AGUNG | AP28: =IFERROR(__xludf.DUMMYFUNCTION("""COMPUTED_VALUE"""),27.0) -> 27 | AQ28: =IFERROR(__xludf.DUMMYFUNCTION("""COMPUTED_VALUE"""),"M 8366 UG") -> M 8366 UG | AR28: =IFERROR(__xludf.DUMMYFUNCTION("""COMPUTED_VALUE"""),"TLPG TJ PERAK") -> TLPG TJ PERAK | AS28: =IFERROR(__xludf.DUMMYFUNCTION("""COMPUTED_VALUE"""),6.0) -> 6 | AT28: PT TRIJAYA ADYMIX BANGKALAN | AV28: ='KENDARAAN P1'!A:A -> B 9874 SFV
A29: =IFERROR(__xludf.DUMMYFUNCTION("""COMPUTED_VALUE"""),"S 8316 AI") -> S 8316 AI | B29: =IFERROR(__xludf.DUMMYFUNCTION("""COMPUTED_VALUE"""),"TLPG TJ PERAK") -> TLPG TJ PERAK | C29: =IFERROR(__xludf.DUMMYFUNCTION("""COMPUTED_VALUE"""),1.0) -> 1 | D29: 11 | E29: PT SWARNA BINA UTAMA | G29: 28 | H29: =IFERROR(__xludf.DUMMYFUNCTION("""COMPUTED_VALUE"""),"DR 8772 DC") -> DR 8772 DC | I29: =IFERROR(__xludf.DUMMYFUNCTION("""COMPUTED_VALUE"""),"TLPG LOMBOK") -> TLPG LOMBOK | J29: =IFERROR(__xludf.DUMMYFUNCTION("""COMPUTED_VALUE"""),1.0) -> 1 | L29: =IFERROR(__xludf.DUMMYFUNCTION("""COMPUTED_VALUE"""),28.0) -> 28 | M29: =IFERROR(__xludf.DUMMYFUNCTION("""COMPUTED_VALUE"""),"DR 8772 DC") -> DR 8772 DC | N29: =IFERROR(__xludf.DUMMYFUNCTION("""COMPUTED_VALUE"""),"TLPG LOMBOK") -> TLPG LOMBOK | O29: =IFERROR(__xludf.DUMMYFUNCTION("""COMPUTED_VALUE"""),1.0) -> 1 | P29: PT OM AGUS | AJ29: =IFERROR(__xludf.DUMMYFUNCTION("""COMPUTED_VALUE"""),28.0) -> 28 | AK29: =IFERROR(__xludf.DUMMYFUNCTION("""COMPUTED_VALUE"""),"AE 8086 UT") -> AE 8086 UT | AL29: =IFERROR(__xludf.DUMMYFUNCTION("""COMPUTED_VALUE"""),"TLPG TJ PERAK") -> TLPG TJ PERAK | AM29: =IFERROR(__xludf.DUMMYFUNCTION("""COMPUTED_VALUE"""),5.0) -> 5 | AN29: PT BUANA KARYA SURYA PRATAMA | AV29: ='KENDARAAN P1'!A:A -> B 9870 SFV
A30: =IFERROR(__xludf.DUMMYFUNCTION("""COMPUTED_VALUE"""),"AD 9838 AB") -> AD 9838 AB | B30: =IFERROR(__xludf.DUMMYFUNCTION("""COMPUTED_VALUE"""),"TLPG LOMBOK") -> TLPG LOMBOK | C30: =IFERROR(__xludf.DUMMYFUNCTION("""COMPUTED_VALUE"""),2.0) -> 2 | D30: 2 | E30: SPPBE-PT. Lombok Putra Gas | G30: 29 | H30: =IFERROR(__xludf.DUMMYFUNCTION("""COMPUTED_VALUE"""),"AD 9780 AB") -> AD 9780 AB | I30: =IFERROR(__xludf.DUMMYFUNCTION("""COMPUTED_VALUE"""),"TLPG LOMBOK") -> TLPG LOMBOK | J30: =IFERROR(__xludf.DUMMYFUNCTION("""COMPUTED_VALUE"""),2.0) -> 2 | AV30: ='KENDARAAN P1'!A:A -> B 9113 SEI
A31: =IFERROR(__xludf.DUMMYFUNCTION("""COMPUTED_VALUE"""),"AD 9877 AB") -> AD 9877 AB | B31: =IFERROR(__xludf.DUMMYFUNCTION("""COMPUTED_VALUE"""),"TLPG LOMBOK") -> TLPG LOMBOK | C31: =IFERROR(__xludf.DUMMYFUNCTION("""COMPUTED_VALUE"""),2.0) -> 2 | D31: 2 | E31: SPPBE-PT. Lombok Putra Gas | G31: 30 | H31: =IFERROR(__xludf.DUMMYFUNCTION("""COMPUTED_VALUE"""),"AE 8458 UF") -> AE 8458 UF | I31: =IFERROR(__xludf.DUMMYFUNCTION("""COMPUTED_VALUE"""),"TLPG TJ PERAK") -> TLPG TJ PERAK | J31: =IFERROR(__xludf.DUMMYFUNCTION("""COMPUTED_VALUE"""),2.0) -> 2 | AV31: ='KENDARAAN P1'!A:A -> B 9868 SFV
A32: =IFERROR(__xludf.DUMMYFUNCTION("""COMPUTED_VALUE"""),"AE 8845 UT") -> AE 8845 UT | B32: =IFERROR(__xludf.DUMMYFUNCTION("""COMPUTED_VALUE"""),"TLPG TJ PERAK") -> TLPG TJ PERAK | C32: =IFERROR(__xludf.DUMMYFUNCTION("""COMPUTED_VALUE"""),2.0) -> 2 | D32: 2 | E32: PT BUANA KARYA SURYA PRATAMA | G32: 31 | H32: =IFERROR(__xludf.DUMMYFUNCTION("""COMPUTED_VALUE"""),"AE 8459 UF") -> AE 8459 UF | I32: =IFERROR(__xludf.DUMMYFUNCTION("""COMPUTED_VALUE"""),"TLPG TJ PERAK") -> TLPG TJ PERAK | J32: =IFERROR(__xludf.DUMMYFUNCTION("""COMPUTED_VALUE"""),2.0) -> 2 | AV32: ='KENDARAAN P1'!A:A -> B 9871 SFV
A33: =IFERROR(__xludf.DUMMYFUNCTION("""COMPUTED_VALUE"""),"AE 8846 UT") -> AE 8846 UT | B33: =IFERROR(__xludf.DUMMYFUNCTION("""COMPUTED_VALUE"""),"TLPG TJ PERAK") -> TLPG TJ PERAK | C33: =IFERROR(__xludf.DUMMYFUNCTION("""COMPUTED_VALUE"""),2.0) -> 2 | D33: 2 | E33: PT BUANA KARYA SURYA PRATAMA | G33: 32 | H33: =IFERROR(__xludf.DUMMYFUNCTION("""COMPUTED_VALUE"""),"AE 8835 UQ") -> AE 8835 UQ | I33: =IFERROR(__xludf.DUMMYFUNCTION("""COMPUTED_VALUE"""),"TLPG TJ PERAK") -> TLPG TJ PERAK | J33: =IFERROR(__xludf.DUMMYFUNCTION("""COMPUTED_VALUE"""),2.0) -> 2 | AV33: ='KENDARAAN P1'!A:A -> L 9828 UJ
A34: =IFERROR(__xludf.DUMMYFUNCTION("""COMPUTED_VALUE"""),"AE 8857 UT") -> AE 8857 UT | B34: =IFERROR(__xludf.DUMMYFUNCTION("""COMPUTED_VALUE"""),"TLPG TJ PERAK") -> TLPG TJ PERAK | C34: =IFERROR(__xludf.DUMMYFUNCTION("""COMPUTED_VALUE"""),2.0) -> 2 | D34: 2 | E34: PT BUANA KARYA SURYA PRATAMA | G34: 33 | H34: =IFERROR(__xludf.DUMMYFUNCTION("""COMPUTED_VALUE"""),"AG 9876 RK") -> AG 9876 RK | I34: =IFERROR(__xludf.DUMMYFUNCTION("""COMPUTED_VALUE"""),"TLPG MEM GRESIK") -> TLPG MEM GRESIK | J34: =IFERROR(__xludf.DUMMYFUNCTION("""COMPUTED_VALUE"""),2.0) -> 2 | L34: =IFERROR(__xludf.DUMMYFUNCTION("{""NO"",""DATA BARU"",""TERMINAL"",""PC"";{SEQUENCE(COUNTIF($D$2:$D23550,7)),FILTER($A$2:$A23550,$D$2:$D23550=7),FILTER($B$2:$B23550,$D$2:$D23550=7),FILTER($D$2:$D23550,$D$2:$D23550=7)}}"),"NO") -> NO | M34: =IFERROR(__xludf.DUMMYFUNCTION("""COMPUTED_VALUE"""),"DATA BARU") -> DATA BARU | N34: =IFERROR(__xludf.DUMMYFUNCTION("""COMPUTED_VALUE"""),"TERMINAL") -> TERMINAL | O34: =IFERROR(__xludf.DUMMYFUNCTION("""COMPUTED_VALUE"""),"PC") -> PC | P34: KETERANGAN | R34: =IFERROR(__xludf.DUMMYFUNCTION("{""NO"",""DATA BARU"",""TERMINAL"",""PC"";{SEQUENCE(COUNTIF($D$2:$D23550,8)),FILTER($A$2:$A23550,$D$2:$D23550=8),FILTER($B$2:$B23550,$D$2:$D23550=8),FILTER($D$2:$D23550,$D$2:$D23550=8)}}"),"NO") -> NO | S34: =IFERROR(__xludf.DUMMYFUNCTION("""COMPUTED_VALUE"""),"DATA BARU") -> DATA BARU | T34: =IFERROR(__xludf.DUMMYFUNCTION("""COMPUTED_VALUE"""),"TERMINAL") -> TERMINAL | U34: =IFERROR(__xludf.DUMMYFUNCTION("""COMPUTED_VALUE"""),"PC") -> PC | V34: KETERANGAN | X34: =IFERROR(__xludf.DUMMYFUNCTION("{""NO"",""DATA BARU"",""TERMINAL"",""PC"";{SEQUENCE(COUNTIF($D$2:$D23550,9)),FILTER($A$2:$A23550,$D$2:$D23550=9),FILTER($B$2:$B23550,$D$2:$D23550=9),FILTER($D$2:$D23550,$D$2:$D23550=9)}}"),"NO") -> NO | Y34: =IFERROR(__xludf.DUMMYFUNCTION("""COMPUTED_VALUE"""),"DATA BARU") -> DATA BARU | Z34: =IFERROR(__xludf.DUMMYFUNCTION("""COMPUTED_VALUE"""),"TERMINAL") -> TERMINAL | AA34: =IFERROR(__xludf.DUMMYFUNCTION("""COMPUTED_VALUE"""),"PC") -> PC | AB34: KETERANGAN | AD34: =IFERROR(__xludf.DUMMYFUNCTION("{""NO"",""DATA BARU"",""TERMINAL"",""PC"";{SEQUENCE(COUNTIF($D$2:$D23550,10)),FILTER($A$2:$A23550,$D$2:$D23550=10),FILTER($B$2:$B23550,$D$2:$D23550=10),FILTER($D$2:$D23550,$D$2:$D23550=10)}}"),"NO") -> NO | AE34: =IFERROR(__xludf.DUMMYFUNCTION("""COMPUTED_VALUE"""),"DATA BARU") -> DATA BARU | AF34: =IFERROR(__xludf.DUMMYFUNCTION("""COMPUTED_VALUE"""),"TERMINAL") -> TERMINAL | AG34: =IFERROR(__xludf.DUMMYFUNCTION("""COMPUTED_VALUE"""),"PC") -> PC | AH34: KETERANGAN | AJ34: =IFERROR(__xludf.DUMMYFUNCTION("{""NO"",""DATA BARU"",""TERMINAL"",""PC"";{SEQUENCE(COUNTIF($D$2:$D23550,11)),FILTER($A$2:$A23550,$D$2:$D23550=11),FILTER($B$2:$B23550,$D$2:$D23550=11),FILTER($D$2:$D23550,$D$2:$D23550=11)}}"),"NO") -> NO | AK34: =IFERROR(__xludf.DUMMYFUNCTION("""COMPUTED_VALUE"""),"DATA BARU") -> DATA BARU | AL34: =IFERROR(__xludf.DUMMYFUNCTION("""COMPUTED_VALUE"""),"TERMINAL") -> TERMINAL | AM34: =IFERROR(__xludf.DUMMYFUNCTION("""COMPUTED_VALUE"""),"PC") -> PC | AN34: KETERANGAN | AP34: =IFERROR(__xludf.DUMMYFUNCTION("{""NO"",""DATA BARU"",""TERMINAL"",""PC"";{SEQUENCE(COUNTIF($D$2:$D23550,12)),FILTER($A$2:$A23550,$D$2:$D23550=12),FILTER($B$2:$B23550,$D$2:$D23550=12),FILTER($D$2:$D23550,$D$2:$D23550=12)}}"),"NO") -> NO | AQ34: =IFERROR(__xludf.DUMMYFUNCTION("""COMPUTED_VALUE"""),"DATA BARU") -> DATA BARU | AR34: =IFERROR(__xludf.DUMMYFUNCTION("""COMPUTED_VALUE"""),"TERMINAL") -> TERMINAL | AS34: =IFERROR(__xludf.DUMMYFUNCTION("""COMPUTED_VALUE"""),"PC") -> PC | AT34: KETERANGAN | AV34: ='KENDARAAN P1'!A:A -> B 9872 SFV
A35: =IFERROR(__xludf.DUMMYFUNCTION("""COMPUTED_VALUE"""),"AE 9401 UJ") -> AE 9401 UJ | B35: =IFERROR(__xludf.DUMMYFUNCTION("""COMPUTED_VALUE"""),"TLPG TJ PERAK") -> TLPG TJ PERAK | C35: =IFERROR(__xludf.DUMMYFUNCTION("""COMPUTED_VALUE"""),2.0) -> 2 | D35: 2 | E35: PT SUMINAR MITRAGAS SELARAS | G35: 34 | H35: =IFERROR(__xludf.DUMMYFUNCTION("""COMPUTED_VALUE"""),"AD 9838 AB") -> AD 9838 AB | I35: =IFERROR(__xludf.DUMMYFUNCTION("""COMPUTED_VALUE"""),"TLPG LOMBOK") -> TLPG LOMBOK | J35: =IFERROR(__xludf.DUMMYFUNCTION("""COMPUTED_VALUE"""),2.0) -> 2 | L35: =IFERROR(__xludf.DUMMYFUNCTION("""COMPUTED_VALUE"""),1.0) -> 1 | M35: =IFERROR(__xludf.DUMMYFUNCTION("""COMPUTED_VALUE"""),"N 8083 UQ") -> N 8083 UQ | N35: =IFERROR(__xludf.DUMMYFUNCTION("""COMPUTED_VALUE"""),"TLPG TJ PERAK") -> TLPG TJ PERAK | O35: =IFERROR(__xludf.DUMMYFUNCTION("""COMPUTED_VALUE"""),7.0) -> 7 | P35: {=IF(M35:M63="","",IFERROR(VLOOKUP(M35:M63,$A$2:$E23550,5,FALSE),"Data Company Belum Ada"))} -> PT BHUMI PERMATA INDAH | R35: =IFERROR(__xludf.DUMMYFUNCTION("""COMPUTED_VALUE"""),1.0) -> 1 | S35: =IFERROR(__xludf.DUMMYFUNCTION("""COMPUTED_VALUE"""),"L 8088 UO") -> L 8088 UO | T35: =IFERROR(__xludf.DUMMYFUNCTION("""COMPUTED_VALUE"""),"TLPG MEM GRESIK") -> TLPG MEM GRESIK | U35: =IFERROR(__xludf.DUMMYFUNCTION("""COMPUTED_VALUE"""),8.0) -> 8 | V35: {=IF(S35:S63="","",IFERROR(VLOOKUP(S35:S63,$A$2:$E23550,5,FALSE),"Data Company Belum Ada"))} -> PT PATRA NIAGA | X35: =IFERROR(__xludf.DUMMYFUNCTION("""COMPUTED_VALUE"""),1.0) -> 1 | Y35: =IFERROR(__xludf.DUMMYFUNCTION("""COMPUTED_VALUE"""),"L 8088 UR") -> L 8088 UR | Z35: =IFERROR(__xludf.DUMMYFUNCTION("""COMPUTED_VALUE"""),"TLPG MEM GRESIK") -> TLPG MEM GRESIK | AA35: =IFERROR(__xludf.DUMMYFUNCTION("""COMPUTED_VALUE"""),9.0) -> 9 | AB35: {=IF(Y35:Y63="","",IFERROR(VLOOKUP(Y35:Y63,$A$2:$E23550,5,FALSE),"Data Company Belum Ada"))} -> PT PATRA NIAGA | AD35: =IFERROR(__xludf.DUMMYFUNCTION("""COMPUTED_VALUE"""),1.0) -> 1 | AE35: =IFERROR(__xludf.DUMMYFUNCTION("""COMPUTED_VALUE"""),"P 8427 UG") -> P 8427 UG | AF35: =IFERROR(__xludf.DUMMYFUNCTION("""COMPUTED_VALUE"""),"TLPG TJ WANGI") -> TLPG TJ WANGI | AG35: =IFERROR(__xludf.DUMMYFUNCTION("""COMPUTED_VALUE"""),10.0) -> 10 | AH35: {=IF(AE35:AE63="","",IFERROR(VLOOKUP(AE35:AE63,$A$2:$E23550,5,FALSE),"Data Company Belum Ada"))} -> PT BUMI GASINDO RAYA | AJ35: =IFERROR(__xludf.DUMMYFUNCTION("""COMPUTED_VALUE"""),1.0) -> 1 | AK35: =IFERROR(__xludf.DUMMYFUNCTION("""COMPUTED_VALUE"""),"S 8316 AI") -> S 8316 AI | AL35: =IFERROR(__xludf.DUMMYFUNCTION("""COMPUTED_VALUE"""),"TLPG TJ PERAK") -> TLPG TJ PERAK | AM35: =IFERROR(__xludf.DUMMYFUNCTION("""COMPUTED_VALUE"""),11.0) -> 11 | AN35: {=IF(AK35:AK63="","",IFERROR(VLOOKUP(AK35:AK63,$A$2:$E23550,5,FALSE),"Data Company Belum Ada"))} -> PT SWARNA BINA UTAMA | AP35: =IFERROR(__xludf.DUMMYFUNCTION("""COMPUTED_VALUE"""),1.0) -> 1 | AQ35: =IFERROR(__xludf.DUMMYFUNCTION("""COMPUTED_VALUE"""),"DR 8481 KO") -> DR 8481 KO | AR35: =IFERROR(__xludf.DUMMYFUNCTION("""COMPUTED_VALUE"""),"TLPG LOMBOK") -> TLPG LOMBOK | AS35: =IFERROR(__xludf.DUMMYFUNCTION("""COMPUTED_VALUE"""),12.0) -> 12 | AT35: {=IF(AQ35:AQ63="","",IFERROR(VLOOKUP(AQ35:AQ63,$A$2:$E23550,5,FALSE),"Data Company Belum Ada"))} -> Data Company Belum Ada | AV35: ='KENDARAAN P1'!A:A -> B 9070 SEJ
A36: =IFERROR(__xludf.DUMMYFUNCTION("""COMPUTED_VALUE"""),"AE 8828 UQ") -> AE 8828 UQ | B36: =IFERROR(__xludf.DUMMYFUNCTION("""COMPUTED_VALUE"""),"TLPG TJ PERAK") -> TLPG TJ PERAK | C36: =IFERROR(__xludf.DUMMYFUNCTION("""COMPUTED_VALUE"""),2.0) -> 2 | D36: 2 | E36: PT SEKAWAN GAS NUSA | G36: 35 | H36: =IFERROR(__xludf.DUMMYFUNCTION("""COMPUTED_VALUE"""),"AD 9877 AB") -> AD 9877 AB | I36: =IFERROR(__xludf.DUMMYFUNCTION("""COMPUTED_VALUE"""),"TLPG LOMBOK") -> TLPG LOMBOK | J36: =IFERROR(__xludf.DUMMYFUNCTION("""COMPUTED_VALUE"""),2.0) -> 2 | L36: =IFERROR(__xludf.DUMMYFUNCTION("""COMPUTED_VALUE"""),2.0) -> 2 | M36: =IFERROR(__xludf.DUMMYFUNCTION("""COMPUTED_VALUE"""),"DR 8527 KC") -> DR 8527 KC | N36: =IFERROR(__xludf.DUMMYFUNCTION("""COMPUTED_VALUE"""),"TLPG LOMBOK") -> TLPG LOMBOK | O36: =IFERROR(__xludf.DUMMYFUNCTION("""COMPUTED_VALUE"""),7.0) -> 7 | P36: SPPBE-PT. Bintang Energi Abadi | R36: =IFERROR(__xludf.DUMMYFUNCTION("""COMPUTED_VALUE"""),2.0) -> 2 | S36: =IFERROR(__xludf.DUMMYFUNCTION("""COMPUTED_VALUE"""),"L 8303 UDD") -> L 8303 UDD | T36: =IFERROR(__xludf.DUMMYFUNCTION("""COMPUTED_VALUE"""),"TLPG MEM GRESIK") -> TLPG MEM GRESIK | U36: =IFERROR(__xludf.DUMMYFUNCTION("""COMPUTED_VALUE"""),8.0) -> 8 | V36: PT BAKTI NUSA PERDANA | X36: =IFERROR(__xludf.DUMMYFUNCTION("""COMPUTED_VALUE"""),2.0) -> 2 | Y36: =IFERROR(__xludf.DUMMYFUNCTION("""COMPUTED_VALUE"""),"M 9489 UN") -> M 9489 UN | Z36: =IFERROR(__xludf.DUMMYFUNCTION("""COMPUTED_VALUE"""),"TLPG TJ PERAK") -> TLPG TJ PERAK | AA36: =IFERROR(__xludf.DUMMYFUNCTION("""COMPUTED_VALUE"""),9.0) -> 9 | AB36: PT ASAPERKASA ABIMULYA | AD36: =IFERROR(__xludf.DUMMYFUNCTION("""COMPUTED_VALUE"""),2.0) -> 2 | AE36: =IFERROR(__xludf.DUMMYFUNCTION("""COMPUTED_VALUE"""),"P 8436 UA") -> P 8436 UA | AF36: =IFERROR(__xludf.DUMMYFUNCTION("""COMPUTED_VALUE"""),"TLPG TJ WANGI") -> TLPG TJ WANGI | AG36: =IFERROR(__xludf.DUMMYFUNCTION("""COMPUTED_VALUE"""),10.0) -> 10 | AH36: PT ARIA ENERGY PERSADA | AJ36: =IFERROR(__xludf.DUMMYFUNCTION("""COMPUTED_VALUE"""),2.0) -> 2 | AK36: =IFERROR(__xludf.DUMMYFUNCTION("""COMPUTED_VALUE"""),"DR 8751 AF") -> DR 8751 AF | AL36: =IFERROR(__xludf.DUMMYFUNCTION("""COMPUTED_VALUE"""),"TLPG LOMBOK") -> TLPG LOMBOK | AM36: =IFERROR(__xludf.DUMMYFUNCTION("""COMPUTED_VALUE"""),11.0) -> 11 | AN36: SPPBE-PT. Dinamika Utama Karya | AP36: =IFERROR(__xludf.DUMMYFUNCTION("""COMPUTED_VALUE"""),2.0) -> 2 | AQ36: =IFERROR(__xludf.DUMMYFUNCTION("""COMPUTED_VALUE"""),"DK 8588 OL") -> DK 8588 OL | AR36: =IFERROR(__xludf.DUMMYFUNCTION("""COMPUTED_VALUE"""),"TLPG MANGGIS") -> TLPG MANGGIS | AS36: =IFERROR(__xludf.DUMMYFUNCTION("""COMPUTED_VALUE"""),12.0) -> 12 | AT36: SPPBE-PT. Putra Bali Dwipa | AV36: ='KENDARAAN P1'!A:A -> B 9069 SEJ
A37: =IFERROR(__xludf.DUMMYFUNCTION("""COMPUTED_VALUE"""),"AE 9634 UJ") -> AE 9634 UJ | B37: =IFERROR(__xludf.DUMMYFUNCTION("""COMPUTED_VALUE"""),"TLPG TJ PERAK") -> TLPG TJ PERAK | C37: =IFERROR(__xludf.DUMMYFUNCTION("""COMPUTED_VALUE"""),2.0) -> 2 | D37: 2 | E37: PT KARYA USAHA MANDIRI LESTARI | G37: 36 | H37: =IFERROR(__xludf.DUMMYFUNCTION("""COMPUTED_VALUE"""),"AE 8845 UT") -> AE 8845 UT | I37: =IFERROR(__xludf.DUMMYFUNCTION("""COMPUTED_VALUE"""),"TLPG TJ PERAK") -> TLPG TJ PERAK | J37: =IFERROR(__xludf.DUMMYFUNCTION("""COMPUTED_VALUE"""),2.0) -> 2 | L37: =IFERROR(__xludf.DUMMYFUNCTION("""COMPUTED_VALUE"""),3.0) -> 3 | M37: =IFERROR(__xludf.DUMMYFUNCTION("""COMPUTED_VALUE"""),"L 8088 UZ") -> L 8088 UZ | N37: =IFERROR(__xludf.DUMMYFUNCTION("""COMPUTED_VALUE"""),"TLPG MEM GRESIK") -> TLPG MEM GRESIK | O37: =IFERROR(__xludf.DUMMYFUNCTION("""COMPUTED_VALUE"""),7.0) -> 7 | P37: PT PATRA NIAGA | R37: =IFERROR(__xludf.DUMMYFUNCTION("""COMPUTED_VALUE"""),3.0) -> 3 | S37: =IFERROR(__xludf.DUMMYFUNCTION("""COMPUTED_VALUE"""),"L 9552 UW") -> L 9552 UW | T37: =IFERROR(__xludf.DUMMYFUNCTION("""COMPUTED_VALUE"""),"TLPG MEM GRESIK") -> TLPG MEM GRESIK | U37: =IFERROR(__xludf.DUMMYFUNCTION("""COMPUTED_VALUE"""),8.0) -> 8 | V37: PT UNIVERSAL ENERGY PRATAMA | X37: =IFERROR(__xludf.DUMMYFUNCTION("""COMPUTED_VALUE"""),3.0) -> 3 | Y37: =IFERROR(__xludf.DUMMYFUNCTION("""COMPUTED_VALUE"""),"M 9715 UA") -> M 9715 UA | Z37: =IFERROR(__xludf.DUMMYFUNCTION("""COMPUTED_VALUE"""),"TLPG TJ PERAK") -> TLPG TJ PERAK | AA37: =IFERROR(__xludf.DUMMYFUNCTION("""COMPUTED_VALUE"""),9.0) -> 9 | AB37: PT GAS MADURA PRATAMA | AD37: =IFERROR(__xludf.DUMMYFUNCTION("""COMPUTED_VALUE"""),3.0) -> 3 | AE37: =IFERROR(__xludf.DUMMYFUNCTION("""COMPUTED_VALUE"""),"AG 8056 OA") -> AG 8056 OA | AF37: =IFERROR(__xludf.DUMMYFUNCTION("""COMPUTED_VALUE"""),"TLPG TJ PERAK") -> TLPG TJ PERAK | AG37: =IFERROR(__xludf.DUMMYFUNCTION("""COMPUTED_VALUE"""),10.0) -> 10 | AH37: PT ANUGRAH SURYA MANDALA | AJ37: =IFERROR(__xludf.DUMMYFUNCTION("""COMPUTED_VALUE"""),3.0) -> 3 | AK37: =IFERROR(__xludf.DUMMYFUNCTION("""COMPUTED_VALUE"""),"EA 8678 SC") -> EA 8678 SC | AL37: =IFERROR(__xludf.DUMMYFUNCTION("""COMPUTED_VALUE"""),"TLPG BIMA") -> TLPG BIMA | AM37: =IFERROR(__xludf.DUMMYFUNCTION("""COMPUTED_VALUE"""),11.0) -> 11 | AN37: Data Company Belum Ada | AP37: =IFERROR(__xludf.DUMMYFUNCTION("""COMPUTED_VALUE"""),3.0) -> 3 | AQ37: =IFERROR(__xludf.DUMMYFUNCTION("""COMPUTED_VALUE"""),"DR 8792 KC") -> DR 8792 KC | AR37: =IFERROR(__xludf.DUMMYFUNCTION("""COMPUTED_VALUE"""),"TLPG LOMBOK") -> TLPG LOMBOK | AS37: =IFERROR(__xludf.DUMMYFUNCTION("""COMPUTED_VALUE"""),12.0) -> 12 | AT37: SPPBE-PT. Anugrah Narwastu Raya | AV37: ='KENDARAAN P1'!A:A
A38: =IFERROR(__xludf.DUMMYFUNCTION("""COMPUTED_VALUE"""),"AG 8016 UC") -> AG 8016 UC | B38: =IFERROR(__xludf.DUMMYFUNCTION("""COMPUTED_VALUE"""),"TLPG TJ PERAK") -> TLPG TJ PERAK | C38: =IFERROR(__xludf.DUMMYFUNCTION("""COMPUTED_VALUE"""),2.0) -> 2 | D38: 3 | E38: PT LIRBOYO INSAN GLOBAL | G38: 37 | H38: =IFERROR(__xludf.DUMMYFUNCTION("""COMPUTED_VALUE"""),"AE 8846 UT") -> AE 8846 UT | I38: =IFERROR(__xludf.DUMMYFUNCTION("""COMPUTED_VALUE"""),"TLPG TJ PERAK") -> TLPG TJ PERAK | J38: =IFERROR(__xludf.DUMMYFUNCTION("""COMPUTED_VALUE"""),2.0) -> 2 | L38: =IFERROR(__xludf.DUMMYFUNCTION("""COMPUTED_VALUE"""),4.0) -> 4 | M38: =IFERROR(__xludf.DUMMYFUNCTION("""COMPUTED_VALUE"""),"L 8099 UR") -> L 8099 UR | N38: =IFERROR(__xludf.DUMMYFUNCTION("""COMPUTED_VALUE"""),"TLPG MEM GRESIK") -> TLPG MEM GRESIK | O38: =IFERROR(__xludf.DUMMYFUNCTION("""COMPUTED_VALUE"""),7.0) -> 7 | P38: PT PATRA NIAGA | R38: =IFERROR(__xludf.DUMMYFUNCTION("""COMPUTED_VALUE"""),4.0) -> 4 | S38: =IFERROR(__xludf.DUMMYFUNCTION("""COMPUTED_VALUE"""),"M 8010 UB") -> M 8010 UB | T38: =IFERROR(__xludf.DUMMYFUNCTION("""COMPUTED_VALUE"""),"TLPG TJ PERAK") -> TLPG TJ PERAK | U38: =IFERROR(__xludf.DUMMYFUNCTION("""COMPUTED_VALUE"""),8.0) -> 8 | V38: PT GAS MADURA PRATAMA | X38: =IFERROR(__xludf.DUMMYFUNCTION("""COMPUTED_VALUE"""),4.0) -> 4 | Y38: =IFERROR(__xludf.DUMMYFUNCTION("""COMPUTED_VALUE"""),"W 8921 UR") -> W 8921 UR | Z38: =IFERROR(__xludf.DUMMYFUNCTION("""COMPUTED_VALUE"""),"TLPG TJ PERAK") -> TLPG TJ PERAK | AA38: =IFERROR(__xludf.DUMMYFUNCTION("""COMPUTED_VALUE"""),9.0) -> 9 | AB38: PT WIN MED INDONESIA | AD38: =IFERROR(__xludf.DUMMYFUNCTION("""COMPUTED_VALUE"""),4.0) -> 4 | AE38: =IFERROR(__xludf.DUMMYFUNCTION("""COMPUTED_VALUE"""),"B 9202 TEK") -> B 9202 TEK | AF38: =IFERROR(__xludf.DUMMYFUNCTION("""COMPUTED_VALUE"""),"TLPG MEM GRESIK") -> TLPG MEM GRESIK | AG38: =IFERROR(__xludf.DUMMYFUNCTION("""COMPUTED_VALUE"""),10.0) -> 10 | AH38: PT ADAM TRANS | AJ38: =IFERROR(__xludf.DUMMYFUNCTION("""COMPUTED_VALUE"""),4.0) -> 4 | AK38: =IFERROR(__xludf.DUMMYFUNCTION("""COMPUTED_VALUE"""),"N 9509 UG") -> N 9509 UG | AL38: =IFERROR(__xludf.DUMMYFUNCTION("""COMPUTED_VALUE"""),"TLPG MEM GRESIK") -> TLPG MEM GRESIK | AM38: =IFERROR(__xludf.DUMMYFUNCTION("""COMPUTED_VALUE"""),11.0) -> 11 | AN38: PT SINAR WAHANA SURYA | AP38: =IFERROR(__xludf.DUMMYFUNCTION("""COMPUTED_VALUE"""),4.0) -> 4 | AQ38: =IFERROR(__xludf.DUMMYFUNCTION("""COMPUTED_VALUE"""),"N 9478 UG") -> N 9478 UG | AR38: =IFERROR(__xludf.DUMMYFUNCTION("""COMPUTED_VALUE"""),"TLPG TJ PERAK") -> TLPG TJ PERAK | AS38: =IFERROR(__xludf.DUMMYFUNCTION("""COMPUTED_VALUE"""),12.0) -> 12 | AT38: PT BINA ANUGERAH INTI KIMIA | AV38: ='KENDARAAN P1'!A:A
A39: =IFERROR(__xludf.DUMMYFUNCTION("""COMPUTED_VALUE"""),"AG 8032 YQ") -> AG 8032 YQ | B39: =IFERROR(__xludf.DUMMYFUNCTION("""COMPUTED_VALUE"""),"TLPG TJ PERAK") -> TLPG TJ PERAK | C39: =IFERROR(__xludf.DUMMYFUNCTION("""COMPUTED_VALUE"""),2.0) -> 2 | D39: 2 | E39: PT BINTANG CIPTA PERSADA | G39: 38 | H39: =IFERROR(__xludf.DUMMYFUNCTION("""COMPUTED_VALUE"""),"AE 8857 UT") -> AE 8857 UT | I39: =IFERROR(__xludf.DUMMYFUNCTION("""COMPUTED_VALUE"""),"TLPG TJ PERAK") -> TLPG TJ PERAK | J39: =IFERROR(__xludf.DUMMYFUNCTION("""COMPUTED_VALUE"""),2.0) -> 2 | L39: =IFERROR(__xludf.DUMMYFUNCTION("""COMPUTED_VALUE"""),5.0) -> 5 | M39: =IFERROR(__xludf.DUMMYFUNCTION("""COMPUTED_VALUE"""),"DR 8304 WZ") -> DR 8304 WZ | N39: =IFERROR(__xludf.DUMMYFUNCTION("""COMPUTED_VALUE"""),"TLPG BIMA") -> TLPG BIMA | O39: =IFERROR(__xludf.DUMMYFUNCTION("""COMPUTED_VALUE"""),7.0) -> 7 | P39: Data Company Belum Ada | R39: =IFERROR(__xludf.DUMMYFUNCTION("""COMPUTED_VALUE"""),5.0) -> 5 | S39: =IFERROR(__xludf.DUMMYFUNCTION("""COMPUTED_VALUE"""),"M 9006 UV") -> M 9006 UV | T39: =IFERROR(__xludf.DUMMYFUNCTION("""COMPUTED_VALUE"""),"TLPG TJ PERAK") -> TLPG TJ PERAK | U39: =IFERROR(__xludf.DUMMYFUNCTION("""COMPUTED_VALUE"""),8.0) -> 8 | V39: PT PERAK POLANA ALOMAMPA | X39: =IFERROR(__xludf.DUMMYFUNCTION("""COMPUTED_VALUE"""),5.0) -> 5 | Y39: =IFERROR(__xludf.DUMMYFUNCTION("""COMPUTED_VALUE"""),"B 9158 SFW") -> B 9158 SFW | Z39: =IFERROR(__xludf.DUMMYFUNCTION("""COMPUTED_VALUE"""),"TLPG MEM GRESIK") -> TLPG MEM GRESIK | AA39: =IFERROR(__xludf.DUMMYFUNCTION("""COMPUTED_VALUE"""),9.0) -> 9 | AB39: PT PATRA LOGISTIK | AD39: =IFERROR(__xludf.DUMMYFUNCTION("""COMPUTED_VALUE"""),5.0) -> 5 | AE39: =IFERROR(__xludf.DUMMYFUNCTION("""COMPUTED_VALUE"""),"DK 8584 OL") -> DK 8584 OL | AF39: =IFERROR(__xludf.DUMMYFUNCTION("""COMPUTED_VALUE"""),"TLPG MANGGIS") -> TLPG MANGGIS | AG39: =IFERROR(__xludf.DUMMYFUNCTION("""COMPUTED_VALUE"""),10.0) -> 10 | AH39: SPPBE-PT. Putra Bali Dwipa | AJ39: =IFERROR(__xludf.DUMMYFUNCTION("""COMPUTED_VALUE"""),5.0) -> 5 | AK39: =IFERROR(__xludf.DUMMYFUNCTION("""COMPUTED_VALUE"""),"N 9659 UG") -> N 9659 UG | AL39: =IFERROR(__xludf.DUMMYFUNCTION("""COMPUTED_VALUE"""),"TLPG MEM GRESIK") -> TLPG MEM GRESIK | AM39: =IFERROR(__xludf.DUMMYFUNCTION("""COMPUTED_VALUE"""),11.0) -> 11 | AN39: PT SINAR WAHANA SURYA | AP39: =IFERROR(__xludf.DUMMYFUNCTION("""COMPUTED_VALUE"""),5.0) -> 5 | AQ39: =IFERROR(__xludf.DUMMYFUNCTION("""COMPUTED_VALUE"""),"N 9578 US") -> N 9578 US | AR39: =IFERROR(__xludf.DUMMYFUNCTION("""COMPUTED_VALUE"""),"TLPG TJ PERAK") -> TLPG TJ PERAK | AS39: =IFERROR(__xludf.DUMMYFUNCTION("""COMPUTED_VALUE"""),12.0) -> 12 | AT39: PT BINA ANUGERAH INTI KIMIA | AV39: ='KENDARAAN P1'!A:A
A40: =IFERROR(__xludf.DUMMYFUNCTION("""COMPUTED_VALUE"""),"AG 8070 UW") -> AG 8070 UW | B40: =IFERROR(__xludf.DUMMYFUNCTION("""COMPUTED_VALUE"""),"TLPG TJ PERAK") -> TLPG TJ PERAK | C40: =IFERROR(__xludf.DUMMYFUNCTION("""COMPUTED_VALUE"""),2.0) -> 2 | D40: 2 | E40: PT LAJU | G40: 39 | H40: =IFERROR(__xludf.DUMMYFUNCTION("""COMPUTED_VALUE"""),"AE 9401 UJ") -> AE 9401 UJ | I40: =IFERROR(__xludf.DUMMYFUNCTION("""COMPUTED_VALUE"""),"TLPG TJ PERAK") -> TLPG TJ PERAK | J40: =IFERROR(__xludf.DUMMYFUNCTION("""COMPUTED_VALUE"""),2.0) -> 2 | L40: =IFERROR(__xludf.DUMMYFUNCTION("""COMPUTED_VALUE"""),6.0) -> 6 | M40: =IFERROR(__xludf.DUMMYFUNCTION("""COMPUTED_VALUE"""),"DR 8528 KC") -> DR 8528 KC | N40: =IFERROR(__xludf.DUMMYFUNCTION("""COMPUTED_VALUE"""),"TLPG LOMBOK") -> TLPG LOMBOK | O40: =IFERROR(__xludf.DUMMYFUNCTION("""COMPUTED_VALUE"""),7.0) -> 7 | P40: SPPBE-PT. Bintang Energi Abadi | R40: =IFERROR(__xludf.DUMMYFUNCTION("""COMPUTED_VALUE"""),6.0) -> 6 | S40: =IFERROR(__xludf.DUMMYFUNCTION("""COMPUTED_VALUE"""),"M 9321 UV") -> M 9321 UV | T40: =IFERROR(__xludf.DUMMYFUNCTION("""COMPUTED_VALUE"""),"TLPG TJ PERAK") -> TLPG TJ PERAK | U40: =IFERROR(__xludf.DUMMYFUNCTION("""COMPUTED_VALUE"""),8.0) -> 8 | V40: PT PERAK POLANA ALOMAMPA | X40: =IFERROR(__xludf.DUMMYFUNCTION("""COMPUTED_VALUE"""),6.0) -> 6 | Y40: =IFERROR(__xludf.DUMMYFUNCTION("""COMPUTED_VALUE"""),"DK 8394 CP") -> DK 8394 CP | Z40: =IFERROR(__xludf.DUMMYFUNCTION("""COMPUTED_VALUE"""),"TLPG MANGGIS") -> TLPG MANGGIS | AA40: =IFERROR(__xludf.DUMMYFUNCTION("""COMPUTED_VALUE"""),9.0) -> 9 | AB40: SPPBE-PT. Sadikun LPG 3Kg | AD40: =IFERROR(__xludf.DUMMYFUNCTION("""COMPUTED_VALUE"""),6.0) -> 6 | AE40: =IFERROR(__xludf.DUMMYFUNCTION("""COMPUTED_VALUE"""),"DK 8587 OL") -> DK 8587 OL | AF40: =IFERROR(__xludf.DUMMYFUNCTION("""COMPUTED_VALUE"""),"TLPG MANGGIS") -> TLPG MANGGIS | AG40: =IFERROR(__xludf.DUMMYFUNCTION("""COMPUTED_VALUE"""),10.0) -> 10 | AH40: SPPBE-PT. Putra Bali Dwipa | AJ40: =IFERROR(__xludf.DUMMYFUNCTION("""COMPUTED_VALUE"""),6.0) -> 6 | AK40: =IFERROR(__xludf.DUMMYFUNCTION("""COMPUTED_VALUE"""),"W 9205 NY") -> W 9205 NY | AL40: =IFERROR(__xludf.DUMMYFUNCTION("""COMPUTED_VALUE"""),"TLPG TJ PERAK") -> TLPG TJ PERAK | AM40: =IFERROR(__xludf.DUMMYFUNCTION("""COMPUTED_VALUE"""),11.0) -> 11 | AN40: PT ANUGRAH SURYA MANDALA | AP40: =IFERROR(__xludf.DUMMYFUNCTION("""COMPUTED_VALUE"""),6.0) -> 6 | AQ40: =IFERROR(__xludf.DUMMYFUNCTION("""COMPUTED_VALUE"""),"N 9661 UG") -> N 9661 UG | AR40: =IFERROR(__xludf.DUMMYFUNCTION("""COMPUTED_VALUE"""),"TLPG MEM GRESIK") -> TLPG MEM GRESIK | AS40: =IFERROR(__xludf.DUMMYFUNCTION("""COMPUTED_VALUE"""),12.0) -> 12 | AT40: PT SINAR WAHANA SURYA | AV40: ='KENDARAAN P1'!A:A
A41: =IFERROR(__xludf.DUMMYFUNCTION("""COMPUTED_VALUE"""),"AG 9312 UW") -> AG 9312 UW | B41: =IFERROR(__xludf.DUMMYFUNCTION("""COMPUTED_VALUE"""),"TLPG TJ PERAK") -> TLPG TJ PERAK | C41: =IFERROR(__xludf.DUMMYFUNCTION("""COMPUTED_VALUE"""),2.0) -> 2 | D41: 2 | E41: PT LAJU | G41: 40 | H41: =IFERROR(__xludf.DUMMYFUNCTION("""COMPUTED_VALUE"""),"AE 8828 UQ") -> AE 8828 UQ | I41: =IFERROR(__xludf.DUMMYFUNCTION("""COMPUTED_VALUE"""),"TLPG TJ PERAK") -> TLPG TJ PERAK | J41: =IFERROR(__xludf.DUMMYFUNCTION("""COMPUTED_VALUE"""),2.0) -> 2 | L41: =IFERROR(__xludf.DUMMYFUNCTION("""COMPUTED_VALUE"""),7.0) -> 7 | M41: =IFERROR(__xludf.DUMMYFUNCTION("""COMPUTED_VALUE"""),"DR 8542 AG") -> DR 8542 AG | N41: =IFERROR(__xludf.DUMMYFUNCTION("""COMPUTED_VALUE"""),"TLPG LOMBOK") -> TLPG LOMBOK | O41: =IFERROR(__xludf.DUMMYFUNCTION("""COMPUTED_VALUE"""),7.0) -> 7 | P41: SPPBE-PT. Lombok Menara Energigas | R41: =IFERROR(__xludf.DUMMYFUNCTION("""COMPUTED_VALUE"""),7.0) -> 7 | S41: =IFERROR(__xludf.DUMMYFUNCTION("""COMPUTED_VALUE"""),"DR 8543 AG") -> DR 8543 AG | T41: =IFERROR(__xludf.DUMMYFUNCTION("""COMPUTED_VALUE"""),"TLPG LOMBOK") -> TLPG LOMBOK | U41: =IFERROR(__xludf.DUMMYFUNCTION("""COMPUTED_VALUE"""),8.0) -> 8 | V41: SPPBE-PT. Lombok Menara Energigas | X41: =IFERROR(__xludf.DUMMYFUNCTION("""COMPUTED_VALUE"""),7.0) -> 7 | Y41: =IFERROR(__xludf.DUMMYFUNCTION("""COMPUTED_VALUE"""),"P 8256 UW") -> P 8256 UW | Z41: =IFERROR(__xludf.DUMMYFUNCTION("""COMPUTED_VALUE"""),"TLPG TJ WANGI") -> TLPG TJ WANGI | AA41: =IFERROR(__xludf.DUMMYFUNCTION("""COMPUTED_VALUE"""),9.0) -> 9 | AB41: Data Company Belum Ada | AD41: =IFERROR(__xludf.DUMMYFUNCTION("""COMPUTED_VALUE"""),7.0) -> 7 | AE41: =IFERROR(__xludf.DUMMYFUNCTION("""COMPUTED_VALUE"""),"DR 8116 WZ") -> DR 8116 WZ | AF41: =IFERROR(__xludf.DUMMYFUNCTION("""COMPUTED_VALUE"""),"TLPG BIMA") -> TLPG BIMA | AG41: =IFERROR(__xludf.DUMMYFUNCTION("""COMPUTED_VALUE"""),10.0) -> 10 | AH41: Data Company Belum Ada | AJ41: =IFERROR(__xludf.DUMMYFUNCTION("""COMPUTED_VALUE"""),7.0) -> 7 | AK41: =IFERROR(__xludf.DUMMYFUNCTION("""COMPUTED_VALUE"""),"DK 8305 BW") -> DK 8305 BW | AL41: =IFERROR(__xludf.DUMMYFUNCTION("""COMPUTED_VALUE"""),"TLPG MANGGIS") -> TLPG MANGGIS | AM41: =IFERROR(__xludf.DUMMYFUNCTION("""COMPUTED_VALUE"""),11.0) -> 11 | AN41: Data Company Belum Ada | AP41: =IFERROR(__xludf.DUMMYFUNCTION("""COMPUTED_VALUE"""),7.0) -> 7 | AQ41: =IFERROR(__xludf.DUMMYFUNCTION("""COMPUTED_VALUE"""),"P 8208 UG") -> P 8208 UG | AR41: =IFERROR(__xludf.DUMMYFUNCTION("""COMPUTED_VALUE"""),"TLPG MEM GRESIK") -> TLPG MEM GRESIK | AS41: =IFERROR(__xludf.DUMMYFUNCTION("""COMPUTED_VALUE"""),12.0) -> 12 | AT41: PT TRI TUNGGAL ARGOPURO MANDIRI | AV41: ='KENDARAAN P1'!A:A
A42: =IFERROR(__xludf.DUMMYFUNCTION("""COMPUTED_VALUE"""),"B 9098 SEI") -> B 9098 SEI | B42: =IFERROR(__xludf.DUMMYFUNCTION("""COMPUTED_VALUE"""),"TLPG MEM GRESIK") -> TLPG MEM GRESIK | C42: =IFERROR(__xludf.DUMMYFUNCTION("""COMPUTED_VALUE"""),2.0) -> 2 | D42: 2 | E42: PT PATRA NIAGA | G42: 41 | H42: =IFERROR(__xludf.DUMMYFUNCTION("""COMPUTED_VALUE"""),"AE 9634 UJ") -> AE 9634 UJ | I42: =IFERROR(__xludf.DUMMYFUNCTION("""COMPUTED_VALUE"""),"TLPG TJ PERAK") -> TLPG TJ PERAK | J42: =IFERROR(__xludf.DUMMYFUNCTION("""COMPUTED_VALUE"""),2.0) -> 2 | L42: =IFERROR(__xludf.DUMMYFUNCTION("""COMPUTED_VALUE"""),8.0) -> 8 | M42: =IFERROR(__xludf.DUMMYFUNCTION("""COMPUTED_VALUE"""),"M 8016 UV") -> M 8016 UV | N42: =IFERROR(__xludf.DUMMYFUNCTION("""COMPUTED_VALUE"""),"TLPG TJ PERAK") -> TLPG TJ PERAK | O42: =IFERROR(__xludf.DUMMYFUNCTION("""COMPUTED_VALUE"""),7.0) -> 7 | P42: PT MITRA MADURA DHARMA ABADI | R42: =IFERROR(__xludf.DUMMYFUNCTION("""COMPUTED_VALUE"""),8.0) -> 8 | S42: =IFERROR(__xludf.DUMMYFUNCTION("""COMPUTED_VALUE"""),"EA 8677 SC") -> EA 8677 SC | T42: =IFERROR(__xludf.DUMMYFUNCTION("""COMPUTED_VALUE"""),"TLPG BIMA") -> TLPG BIMA | U42: =IFERROR(__xludf.DUMMYFUNCTION("""COMPUTED_VALUE"""),8.0) -> 8 | V42: Data Company Belum Ada | X42: =IFERROR(__xludf.DUMMYFUNCTION("""COMPUTED_VALUE"""),8.0) -> 8 | Y42: =IFERROR(__xludf.DUMMYFUNCTION("""COMPUTED_VALUE"""),"P 8360 UG") -> P 8360 UG | Z42: =IFERROR(__xludf.DUMMYFUNCTION("""COMPUTED_VALUE"""),"TLPG TJ WANGI") -> TLPG TJ WANGI | AA42: =IFERROR(__xludf.DUMMYFUNCTION("""COMPUTED_VALUE"""),9.0) -> 9 | AB42: Data Company Belum Ada | AD42: =IFERROR(__xludf.DUMMYFUNCTION("""COMPUTED_VALUE"""),8.0) -> 8 | AE42: =IFERROR(__xludf.DUMMYFUNCTION("""COMPUTED_VALUE"""),"EA 8681 SC") -> EA 8681 SC | AF42: =IFERROR(__xludf.DUMMYFUNCTION("""COMPUTED_VALUE"""),"TLPG BIMA") -> TLPG BIMA | AG42: =IFERROR(__xludf.DUMMYFUNCTION("""COMPUTED_VALUE"""),10.0) -> 10 | AH42: Data Company Belum Ada | AJ42: =IFERROR(__xludf.DUMMYFUNCTION("""COMPUTED_VALUE"""),8.0) -> 8 | AK42: =IFERROR(__xludf.DUMMYFUNCTION("""COMPUTED_VALUE"""),"L 8063 UUA") -> L 8063 UUA | AL42: =IFERROR(__xludf.DUMMYFUNCTION("""COMPUTED_VALUE"""),"TLPG TJ PERAK") -> TLPG TJ PERAK | AM42: =IFERROR(__xludf.DUMMYFUNCTION("""COMPUTED_VALUE"""),11.0) -> 11 | AN42: PT TRIEN GASMIKU | AP42: =IFERROR(__xludf.DUMMYFUNCTION("""COMPUTED_VALUE"""),8.0) -> 8 | AQ42: =IFERROR(__xludf.DUMMYFUNCTION("""COMPUTED_VALUE"""),"DK 8640 VM") -> DK 8640 VM | AR42: =IFERROR(__xludf.DUMMYFUNCTION("""COMPUTED_VALUE"""),"TLPG MANGGIS") -> TLPG MANGGIS | AS42: =IFERROR(__xludf.DUMMYFUNCTION("""COMPUTED_VALUE"""),12.0) -> 12 | AT42: PT. Ayu Sari Pertiwi | AV42: ='KENDARAAN P1'!A:A
A43: =IFERROR(__xludf.DUMMYFUNCTION("""COMPUTED_VALUE"""),"B 9099 SEI") -> B 9099 SEI | B43: =IFERROR(__xludf.DUMMYFUNCTION("""COMPUTED_VALUE"""),"TLPG MEM GRESIK") -> TLPG MEM GRESIK | C43: =IFERROR(__xludf.DUMMYFUNCTION("""COMPUTED_VALUE"""),2.0) -> 2 | D43: 2 | E43: PT PATRA NIAGA | G43: 42 | H43: =IFERROR(__xludf.DUMMYFUNCTION("""COMPUTED_VALUE"""),"AG 8032 YQ") -> AG 8032 YQ | I43: =IFERROR(__xludf.DUMMYFUNCTION("""COMPUTED_VALUE"""),"TLPG TJ PERAK") -> TLPG TJ PERAK | J43: =IFERROR(__xludf.DUMMYFUNCTION("""COMPUTED_VALUE"""),2.0) -> 2 | L43: =IFERROR(__xludf.DUMMYFUNCTION("""COMPUTED_VALUE"""),9.0) -> 9 | M43: =IFERROR(__xludf.DUMMYFUNCTION("""COMPUTED_VALUE"""),"M 8025 UN") -> M 8025 UN | N43: =IFERROR(__xludf.DUMMYFUNCTION("""COMPUTED_VALUE"""),"TLPG TJ PERAK") -> TLPG TJ PERAK | O43: =IFERROR(__xludf.DUMMYFUNCTION("""COMPUTED_VALUE"""),7.0) -> 7 | P43: PT ASAPERKASA ABIMULYA | R43: =IFERROR(__xludf.DUMMYFUNCTION("""COMPUTED_VALUE"""),9.0) -> 9 | S43: =IFERROR(__xludf.DUMMYFUNCTION("""COMPUTED_VALUE"""),"L 8333 UCA") -> L 8333 UCA | T43: =IFERROR(__xludf.DUMMYFUNCTION("""COMPUTED_VALUE"""),"TLPG TJ PERAK") -> TLPG TJ PERAK | U43: =IFERROR(__xludf.DUMMYFUNCTION("""COMPUTED_VALUE"""),8.0) -> 8 | V43: PT GEHA INTI CITRA | X43: =IFERROR(__xludf.DUMMYFUNCTION("""COMPUTED_VALUE"""),9.0) -> 9 | Y43: =IFERROR(__xludf.DUMMYFUNCTION("""COMPUTED_VALUE"""),"N 8079 US") -> N 8079 US | Z43: =IFERROR(__xludf.DUMMYFUNCTION("""COMPUTED_VALUE"""),"TLPG TJ PERAK") -> TLPG TJ PERAK | AA43: =IFERROR(__xludf.DUMMYFUNCTION("""COMPUTED_VALUE"""),9.0) -> 9 | AB43: PT ANUGERAH SUMBER BERKAT | AD43: =IFERROR(__xludf.DUMMYFUNCTION("""COMPUTED_VALUE"""),9.0) -> 9 | AE43: =IFERROR(__xludf.DUMMYFUNCTION("""COMPUTED_VALUE"""),"L 8115 UUC") -> L 8115 UUC | AF43: =IFERROR(__xludf.DUMMYFUNCTION("""COMPUTED_VALUE"""),"TLPG LOMBOK") -> TLPG LOMBOK | AG43: =IFERROR(__xludf.DUMMYFUNCTION("""COMPUTED_VALUE"""),10.0) -> 10 | AH43: SPPBE-PT. Surya Adiguna Indogas | AJ43: =IFERROR(__xludf.DUMMYFUNCTION("""COMPUTED_VALUE"""),9.0) -> 9 | AK43: =IFERROR(__xludf.DUMMYFUNCTION("""COMPUTED_VALUE"""),"N 8469 US") -> N 8469 US | AL43: =IFERROR(__xludf.DUMMYFUNCTION("""COMPUTED_VALUE"""),"TLPG TJ PERAK") -> TLPG TJ PERAK | AM43: =IFERROR(__xludf.DUMMYFUNCTION("""COMPUTED_VALUE"""),11.0) -> 11 | AN43: PT TRIEN GASMIKU | AP43: =IFERROR(__xludf.DUMMYFUNCTION("""COMPUTED_VALUE"""),9.0) -> 9 | AQ43: =IFERROR(__xludf.DUMMYFUNCTION("""COMPUTED_VALUE"""),"DK 8735 DQ") -> DK 8735 DQ | AR43: =IFERROR(__xludf.DUMMYFUNCTION("""COMPUTED_VALUE"""),"TLPG MANGGIS") -> TLPG MANGGIS | AS43: =IFERROR(__xludf.DUMMYFUNCTION("""COMPUTED_VALUE"""),12.0) -> 12 | AT43: SPPBE-PT. Candra Karya Gas | AV43: ='KENDARAAN P1'!A:A
A44: =IFERROR(__xludf.DUMMYFUNCTION("""COMPUTED_VALUE"""),"N 8857 UR") -> N 8857 UR | B44: =IFERROR(__xludf.DUMMYFUNCTION("""COMPUTED_VALUE"""),"TLPG MEM GRESIK") -> TLPG MEM GRESIK | C44: =IFERROR(__xludf.DUMMYFUNCTION("""COMPUTED_VALUE"""),2.0) -> 2 | D44: 2 | E44: PT PATRA NIAGA | G44: 43 | H44: =IFERROR(__xludf.DUMMYFUNCTION("""COMPUTED_VALUE"""),"AG 8070 UW") -> AG 8070 UW | I44: =IFERROR(__xludf.DUMMYFUNCTION("""COMPUTED_VALUE"""),"TLPG TJ PERAK") -> TLPG TJ PERAK | J44: =IFERROR(__xludf.DUMMYFUNCTION("""COMPUTED_VALUE"""),2.0) -> 2 | L44: =IFERROR(__xludf.DUMMYFUNCTION("""COMPUTED_VALUE"""),10.0) -> 10 | M44: =IFERROR(__xludf.DUMMYFUNCTION("""COMPUTED_VALUE"""),"M 8978 UV") -> M 8978 UV | N44: =IFERROR(__xludf.DUMMYFUNCTION("""COMPUTED_VALUE"""),"TLPG TJ PERAK") -> TLPG TJ PERAK | O44: =IFERROR(__xludf.DUMMYFUNCTION("""COMPUTED_VALUE"""),7.0) -> 7 | P44: PT PERAK POLANA ALOMAMPA | R44: =IFERROR(__xludf.DUMMYFUNCTION("""COMPUTED_VALUE"""),10.0) -> 10 | S44: =IFERROR(__xludf.DUMMYFUNCTION("""COMPUTED_VALUE"""),"L 9820 UJ") -> L 9820 UJ | T44: =IFERROR(__xludf.DUMMYFUNCTION("""COMPUTED_VALUE"""),"TLPG MEM GRESIK") -> TLPG MEM GRESIK | U44: =IFERROR(__xludf.DUMMYFUNCTION("""COMPUTED_VALUE"""),8.0) -> 8 | V44: PT PATRA NIAGA | X44: =IFERROR(__xludf.DUMMYFUNCTION("""COMPUTED_VALUE"""),10.0) -> 10 | Y44: =IFERROR(__xludf.DUMMYFUNCTION("""COMPUTED_VALUE"""),"N 8714 US") -> N 8714 US | Z44: =IFERROR(__xludf.DUMMYFUNCTION("""COMPUTED_VALUE"""),"TLPG TJ PERAK") -> TLPG TJ PERAK | AA44: =IFERROR(__xludf.DUMMYFUNCTION("""COMPUTED_VALUE"""),9.0) -> 9 | AB44: PT ANUGERAH JATI UTAMA | AD44: =IFERROR(__xludf.DUMMYFUNCTION("""COMPUTED_VALUE"""),10.0) -> 10 | AE44: =IFERROR(__xludf.DUMMYFUNCTION("""COMPUTED_VALUE"""),"S 7850 UN") -> S 7850 UN | AF44: =IFERROR(__xludf.DUMMYFUNCTION("""COMPUTED_VALUE"""),"TLPG TJ PERAK") -> TLPG TJ PERAK | AG44: =IFERROR(__xludf.DUMMYFUNCTION("""COMPUTED_VALUE"""),10.0) -> 10 | AH44: PT TRIMEGAH FARGASINDO | AJ44: =IFERROR(__xludf.DUMMYFUNCTION("""COMPUTED_VALUE"""),10.0) -> 10 | AK44: =IFERROR(__xludf.DUMMYFUNCTION("""COMPUTED_VALUE"""),"N 8834 US") -> N 8834 US | AL44: =IFERROR(__xludf.DUMMYFUNCTION("""COMPUTED_VALUE"""),"TLPG TJ PERAK") -> TLPG TJ PERAK | AM44: =IFERROR(__xludf.DUMMYFUNCTION("""COMPUTED_VALUE"""),11.0) -> 11 | AN44: PT TATA BERSAMA | AP44: =IFERROR(__xludf.DUMMYFUNCTION("""COMPUTED_VALUE"""),10.0) -> 10 | AQ44: =IFERROR(__xludf.DUMMYFUNCTION("""COMPUTED_VALUE"""),"P 8821 UW") -> P 8821 UW | AR44: =IFERROR(__xludf.DUMMYFUNCTION("""COMPUTED_VALUE"""),"TLPG TJ WANGI") -> TLPG TJ WANGI | AS44: =IFERROR(__xludf.DUMMYFUNCTION("""COMPUTED_VALUE"""),12.0) -> 12 | AT44: Data Company Belum Ada | AV44: ='KENDARAAN P1'!A:A
A45: =IFERROR(__xludf.DUMMYFUNCTION("""COMPUTED_VALUE"""),"B 9713 SFU") -> B 9713 SFU | B45: =IFERROR(__xludf.DUMMYFUNCTION("""COMPUTED_VALUE"""),"TLPG TJ WANGI") -> TLPG TJ WANGI | C45: =IFERROR(__xludf.DUMMYFUNCTION("""COMPUTED_VALUE"""),2.0) -> 2 | D45: 4 | E45: PT PATRA NIAGA 1 | G45: 44 | H45: =IFERROR(__xludf.DUMMYFUNCTION("""COMPUTED_VALUE"""),"AG 9312 UW") -> AG 9312 UW | I45: =IFERROR(__xludf.DUMMYFUNCTION("""COMPUTED_VALUE"""),"TLPG TJ PERAK") -> TLPG TJ PERAK | J45: =IFERROR(__xludf.DUMMYFUNCTION("""COMPUTED_VALUE"""),2.0) -> 2 | L45: =IFERROR(__xludf.DUMMYFUNCTION("""COMPUTED_VALUE"""),11.0) -> 11 | M45: =IFERROR(__xludf.DUMMYFUNCTION("""COMPUTED_VALUE"""),"M 9026 UV") -> M 9026 UV | N45: =IFERROR(__xludf.DUMMYFUNCTION("""COMPUTED_VALUE"""),"TLPG TJ PERAK") -> TLPG TJ PERAK | O45: =IFERROR(__xludf.DUMMYFUNCTION("""COMPUTED_VALUE"""),7.0) -> 7 | P45: PT MITRA MADURA DHARMA ABADI | R45: =IFERROR(__xludf.DUMMYFUNCTION("""COMPUTED_VALUE"""),11.0) -> 11 | S45: =IFERROR(__xludf.DUMMYFUNCTION("""COMPUTED_VALUE"""),"M 9728 UA") -> M 9728 UA | T45: =IFERROR(__xludf.DUMMYFUNCTION("""COMPUTED_VALUE"""),"TLPG TJ PERAK") -> TLPG TJ PERAK | U45: =IFERROR(__xludf.DUMMYFUNCTION("""COMPUTED_VALUE"""),8.0) -> 8 | V45: PT GAS MADURA PRATAMA | X45: =IFERROR(__xludf.DUMMYFUNCTION("""COMPUTED_VALUE"""),11.0) -> 11 | Y45: =IFERROR(__xludf.DUMMYFUNCTION("""COMPUTED_VALUE"""),"N 8776 UT") -> N 8776 UT | Z45: =IFERROR(__xludf.DUMMYFUNCTION("""COMPUTED_VALUE"""),"TLPG TJ PERAK") -> TLPG TJ PERAK | AA45: =IFERROR(__xludf.DUMMYFUNCTION("""COMPUTED_VALUE"""),9.0) -> 9 | AB45: PT BERINGIN GAS LESTARI | AD45: =IFERROR(__xludf.DUMMYFUNCTION("""COMPUTED_VALUE"""),11.0) -> 11 | AE45: =IFERROR(__xludf.DUMMYFUNCTION("""COMPUTED_VALUE"""),"S 8052 UZ") -> S 8052 UZ | AF45: =IFERROR(__xludf.DUMMYFUNCTION("""COMPUTED_VALUE"""),"TLPG TJ PERAK") -> TLPG TJ PERAK | AG45: =IFERROR(__xludf.DUMMYFUNCTION("""COMPUTED_VALUE"""),10.0) -> 10 | AH45: PT SUMBER BINA USAHA MANDIRI | AJ45: =IFERROR(__xludf.DUMMYFUNCTION("""COMPUTED_VALUE"""),11.0) -> 11 | AK45: =IFERROR(__xludf.DUMMYFUNCTION("""COMPUTED_VALUE"""),"N 9425 UU") -> N 9425 UU | AL45: =IFERROR(__xludf.DUMMYFUNCTION("""COMPUTED_VALUE"""),"TLPG TJ PERAK") -> TLPG TJ PERAK | AM45: =IFERROR(__xludf.DUMMYFUNCTION("""COMPUTED_VALUE"""),11.0) -> 11 | AN45: PT SINAR WAHANA SURYA | AP45: =IFERROR(__xludf.DUMMYFUNCTION("""COMPUTED_VALUE"""),11.0) -> 11 | AQ45: =IFERROR(__xludf.DUMMYFUNCTION("""COMPUTED_VALUE"""),"S 8848 UF") -> S 8848 UF | AR45: =IFERROR(__xludf.DUMMYFUNCTION("""COMPUTED_VALUE"""),"TLPG MEM GRESIK") -> TLPG MEM GRESIK | AS45: =IFERROR(__xludf.DUMMYFUNCTION("""COMPUTED_VALUE"""),12.0) -> 12 | AT45: PT NAUMI ARUMAH ZOE | AV45: ='KENDARAAN P1'!A:A
A46: =IFERROR(__xludf.DUMMYFUNCTION("""COMPUTED_VALUE"""),"B 9869 SFV") -> B 9869 SFV | B46: =IFERROR(__xludf.DUMMYFUNCTION("""COMPUTED_VALUE"""),"TLPG MEM GRESIK") -> TLPG MEM GRESIK | C46: =IFERROR(__xludf.DUMMYFUNCTION("""COMPUTED_VALUE"""),2.0) -> 2 | D46: 4 | E46: PT PATRA LOGISTIK | G46: 45 | H46: =IFERROR(__xludf.DUMMYFUNCTION("""COMPUTED_VALUE"""),"B 9098 SEI") -> B 9098 SEI | I46: =IFERROR(__xludf.DUMMYFUNCTION("""COMPUTED_VALUE"""),"TLPG MEM GRESIK") -> TLPG MEM GRESIK | J46: =IFERROR(__xludf.DUMMYFUNCTION("""COMPUTED_VALUE"""),2.0) -> 2 | L46: =IFERROR(__xludf.DUMMYFUNCTION("""COMPUTED_VALUE"""),12.0) -> 12 | M46: =IFERROR(__xludf.DUMMYFUNCTION("""COMPUTED_VALUE"""),"M 9028 UV") -> M 9028 UV | N46: =IFERROR(__xludf.DUMMYFUNCTION("""COMPUTED_VALUE"""),"TLPG TJ PERAK") -> TLPG TJ PERAK | O46: =IFERROR(__xludf.DUMMYFUNCTION("""COMPUTED_VALUE"""),7.0) -> 7 | P46: PT MITRA MADURA DHARMA ABADI | R46: =IFERROR(__xludf.DUMMYFUNCTION("""COMPUTED_VALUE"""),12.0) -> 12 | S46: =IFERROR(__xludf.DUMMYFUNCTION("""COMPUTED_VALUE"""),"M 9757 UA") -> M 9757 UA | T46: =IFERROR(__xludf.DUMMYFUNCTION("""COMPUTED_VALUE"""),"TLPG TJ PERAK") -> TLPG TJ PERAK | U46: =IFERROR(__xludf.DUMMYFUNCTION("""COMPUTED_VALUE"""),8.0) -> 8 | V46: PT GAS MADURA PRATAMA | X46: =IFERROR(__xludf.DUMMYFUNCTION("""COMPUTED_VALUE"""),12.0) -> 12 | Y46: =IFERROR(__xludf.DUMMYFUNCTION("""COMPUTED_VALUE"""),"N 8777 UG") -> N 8777 UG | Z46: =IFERROR(__xludf.DUMMYFUNCTION("""COMPUTED_VALUE"""),"TLPG TJ PERAK") -> TLPG TJ PERAK | AA46: =IFERROR(__xludf.DUMMYFUNCTION("""COMPUTED_VALUE"""),9.0) -> 9 | AB46: PT SOLUSINDO INNOVATIVE | AD46: =IFERROR(__xludf.DUMMYFUNCTION("""COMPUTED_VALUE"""),12.0) -> 12 | AE46: =IFERROR(__xludf.DUMMYFUNCTION("""COMPUTED_VALUE"""),"S 8061 UC") -> S 8061 UC | AF46: =IFERROR(__xludf.DUMMYFUNCTION("""COMPUTED_VALUE"""),"TLPG TJ PERAK") -> TLPG TJ PERAK | AG46: =IFERROR(__xludf.DUMMYFUNCTION("""COMPUTED_VALUE"""),10.0) -> 10 | AH46: PT LA TUNSA | AJ46: =IFERROR(__xludf.DUMMYFUNCTION("""COMPUTED_VALUE"""),12.0) -> 12 | AK46: =IFERROR(__xludf.DUMMYFUNCTION("""COMPUTED_VALUE"""),"P 8435 UA") -> P 8435 UA | AL46: =IFERROR(__xludf.DUMMYFUNCTION("""COMPUTED_VALUE"""),"TLPG MEM GRESIK") -> TLPG MEM GRESIK | AM46: =IFERROR(__xludf.DUMMYFUNCTION("""COMPUTED_VALUE"""),11.0) -> 11 | AN46: PT ARIA ENERGY PERSADA | AP46: =IFERROR(__xludf.DUMMYFUNCTION("""COMPUTED_VALUE"""),12.0) -> 12 | AQ46: =IFERROR(__xludf.DUMMYFUNCTION("""COMPUTED_VALUE"""),"B 9872 SFV") -> B 9872 SFV | AR46: =IFERROR(__xludf.DUMMYFUNCTION("""COMPUTED_VALUE"""),"TLPG MEM GRESIK") -> TLPG MEM GRESIK | AS46: =IFERROR(__xludf.DUMMYFUNCTION("""COMPUTED_VALUE"""),12.0) -> 12 | AT46: PT PATRA LOGISTIK | AV46: ='KENDARAAN P1'!A:A
A47: =IFERROR(__xludf.DUMMYFUNCTION("""COMPUTED_VALUE"""),"B 9884 SFU") -> B 9884 SFU | B47: =IFERROR(__xludf.DUMMYFUNCTION("""COMPUTED_VALUE"""),"TLPG MEM GRESIK") -> TLPG MEM GRESIK | C47: =IFERROR(__xludf.DUMMYFUNCTION("""COMPUTED_VALUE"""),2.0) -> 2 | D47: 4 | E47: PT PATRA NIAGA | G47: 46 | H47: =IFERROR(__xludf.DUMMYFUNCTION("""COMPUTED_VALUE"""),"B 9099 SEI") -> B 9099 SEI | I47: =IFERROR(__xludf.DUMMYFUNCTION("""COMPUTED_VALUE"""),"TLPG MEM GRESIK") -> TLPG MEM GRESIK | J47: =IFERROR(__xludf.DUMMYFUNCTION("""COMPUTED_VALUE"""),2.0) -> 2 | L47: =IFERROR(__xludf.DUMMYFUNCTION("""COMPUTED_VALUE"""),13.0) -> 13 | M47: =IFERROR(__xludf.DUMMYFUNCTION("""COMPUTED_VALUE"""),"M 9352 UV") -> M 9352 UV | N47: =IFERROR(__xludf.DUMMYFUNCTION("""COMPUTED_VALUE"""),"TLPG TJ PERAK") -> TLPG TJ PERAK | O47: =IFERROR(__xludf.DUMMYFUNCTION("""COMPUTED_VALUE"""),7.0) -> 7 | P47: PT MITRA MADURA DHARMA ABADI | R47: =IFERROR(__xludf.DUMMYFUNCTION("""COMPUTED_VALUE"""),13.0) -> 13 | S47: =IFERROR(__xludf.DUMMYFUNCTION("""COMPUTED_VALUE"""),"N 8182 EB") -> N 8182 EB | T47: =IFERROR(__xludf.DUMMYFUNCTION("""COMPUTED_VALUE"""),"TLPG TJ PERAK") -> TLPG TJ PERAK | U47: =IFERROR(__xludf.DUMMYFUNCTION("""COMPUTED_VALUE"""),8.0) -> 8 | V47: PT AGAM SEULAWAH JAYA | X47: =IFERROR(__xludf.DUMMYFUNCTION("""COMPUTED_VALUE"""),13.0) -> 13 | Y47: =IFERROR(__xludf.DUMMYFUNCTION("""COMPUTED_VALUE"""),"N 8799 UG") -> N 8799 UG | Z47: =IFERROR(__xludf.DUMMYFUNCTION("""COMPUTED_VALUE"""),"TLPG TJ PERAK") -> TLPG TJ PERAK | AA47: =IFERROR(__xludf.DUMMYFUNCTION("""COMPUTED_VALUE"""),9.0) -> 9 | AB47: PT ANUGERAH SUMBER BERKAT | AD47: =IFERROR(__xludf.DUMMYFUNCTION("""COMPUTED_VALUE"""),13.0) -> 13 | AE47: =IFERROR(__xludf.DUMMYFUNCTION("""COMPUTED_VALUE"""),"S 8104 UH") -> S 8104 UH | AF47: =IFERROR(__xludf.DUMMYFUNCTION("""COMPUTED_VALUE"""),"TLPG TJ PERAK") -> TLPG TJ PERAK | AG47: =IFERROR(__xludf.DUMMYFUNCTION("""COMPUTED_VALUE"""),10.0) -> 10 | AH47: PT SEMBILAN SEMBILAN TUBAN PERDANA | AJ47: =IFERROR(__xludf.DUMMYFUNCTION("""COMPUTED_VALUE"""),13.0) -> 13 | AK47: =IFERROR(__xludf.DUMMYFUNCTION("""COMPUTED_VALUE"""),"P 8726 UG") -> P 8726 UG | AL47: =IFERROR(__xludf.DUMMYFUNCTION("""COMPUTED_VALUE"""),"TLPG TJ WANGI") -> TLPG TJ WANGI | AM47: =IFERROR(__xludf.DUMMYFUNCTION("""COMPUTED_VALUE"""),11.0) -> 11 | AN47: PT SUMBER MAKMUR MEGAH ABADI | AP47: =IFERROR(__xludf.DUMMYFUNCTION("""COMPUTED_VALUE"""),13.0) -> 13 | AQ47: =IFERROR(__xludf.DUMMYFUNCTION("""COMPUTED_VALUE"""),"EA 8671 SC") -> EA 8671 SC | AR47: =IFERROR(__xludf.DUMMYFUNCTION("""COMPUTED_VALUE"""),"TLPG BIMA") -> TLPG BIMA | AS47: =IFERROR(__xludf.DUMMYFUNCTION("""COMPUTED_VALUE"""),12.0) -> 12 | AT47: PT. BIMA OIL INTERNUSA
A48: =IFERROR(__xludf.DUMMYFUNCTION("""COMPUTED_VALUE"""),"DK 8023 UK") -> DK 8023 UK | B48: =IFERROR(__xludf.DUMMYFUNCTION("""COMPUTED_VALUE"""),"TLPG MANGGIS") -> TLPG MANGGIS | C48: =IFERROR(__xludf.DUMMYFUNCTION("""COMPUTED_VALUE"""),2.0) -> 2 | D48: 2 | E48: SPPBE-PT. Gaya Investama | G48: 47 | H48: =IFERROR(__xludf.DUMMYFUNCTION("""COMPUTED_VALUE"""),"N 8857 UR") -> N 8857 UR | I48: =IFERROR(__xludf.DUMMYFUNCTION("""COMPUTED_VALUE"""),"TLPG MEM GRESIK") -> TLPG MEM GRESIK | J48: =IFERROR(__xludf.DUMMYFUNCTION("""COMPUTED_VALUE"""),2.0) -> 2 | L48: =IFERROR(__xludf.DUMMYFUNCTION("""COMPUTED_VALUE"""),14.0) -> 14 | M48: =IFERROR(__xludf.DUMMYFUNCTION("""COMPUTED_VALUE"""),"P 8087 GG") -> P 8087 GG | N48: =IFERROR(__xludf.DUMMYFUNCTION("""COMPUTED_VALUE"""),"TLPG TJ WANGI") -> TLPG TJ WANGI | O48: =IFERROR(__xludf.DUMMYFUNCTION("""COMPUTED_VALUE"""),7.0) -> 7 | P48: PT BUMI GASINDO RAYA | R48: =IFERROR(__xludf.DUMMYFUNCTION("""COMPUTED_VALUE"""),14.0) -> 14 | S48: =IFERROR(__xludf.DUMMYFUNCTION("""COMPUTED_VALUE"""),"N 8183 EB") -> N 8183 EB | T48: =IFERROR(__xludf.DUMMYFUNCTION("""COMPUTED_VALUE"""),"TLPG TJ PERAK") -> TLPG TJ PERAK | U48: =IFERROR(__xludf.DUMMYFUNCTION("""COMPUTED_VALUE"""),8.0) -> 8 | V48: PT AGAM SEULAWAH JAYA | X48: =IFERROR(__xludf.DUMMYFUNCTION("""COMPUTED_VALUE"""),14.0) -> 14 | Y48: =IFERROR(__xludf.DUMMYFUNCTION("""COMPUTED_VALUE"""),"N 9162 UV") -> N 9162 UV | Z48: =IFERROR(__xludf.DUMMYFUNCTION("""COMPUTED_VALUE"""),"TLPG TJ PERAK") -> TLPG TJ PERAK | AA48: =IFERROR(__xludf.DUMMYFUNCTION("""COMPUTED_VALUE"""),9.0) -> 9 | AB48: PT SINAR WAHANA SURYA | AD48: =IFERROR(__xludf.DUMMYFUNCTION("""COMPUTED_VALUE"""),14.0) -> 14 | AE48: =IFERROR(__xludf.DUMMYFUNCTION("""COMPUTED_VALUE"""),"S 8141 UZ") -> S 8141 UZ | AF48: =IFERROR(__xludf.DUMMYFUNCTION("""COMPUTED_VALUE"""),"TLPG TJ PERAK") -> TLPG TJ PERAK | AG48: =IFERROR(__xludf.DUMMYFUNCTION("""COMPUTED_VALUE"""),10.0) -> 10 | AH48: PT SUMBER BINA USAHA MANDIRI | AJ48: =IFERROR(__xludf.DUMMYFUNCTION("""COMPUTED_VALUE"""),14.0) -> 14 | AK48: =IFERROR(__xludf.DUMMYFUNCTION("""COMPUTED_VALUE"""),"B 9868 SFV") -> B 9868 SFV | AL48: =IFERROR(__xludf.DUMMYFUNCTION("""COMPUTED_VALUE"""),"TLPG MEM GRESIK") -> TLPG MEM GRESIK | AM48: =IFERROR(__xludf.DUMMYFUNCTION("""COMPUTED_VALUE"""),11.0) -> 11 | AN48: PT PATRA LOGISTIK | AP48: =IFERROR(__xludf.DUMMYFUNCTION("""COMPUTED_VALUE"""),14.0) -> 14 | AQ48: =IFERROR(__xludf.DUMMYFUNCTION("""COMPUTED_VALUE"""),"L 9828 UJ") -> L 9828 UJ | AR48: =IFERROR(__xludf.DUMMYFUNCTION("""COMPUTED_VALUE"""),"TLPG MEM GRESIK") -> TLPG MEM GRESIK | AS48: =IFERROR(__xludf.DUMMYFUNCTION("""COMPUTED_VALUE"""),12.0) -> 12 | AT48: PT PATRA NIAGA
A49: =IFERROR(__xludf.DUMMYFUNCTION("""COMPUTED_VALUE"""),"DK 8029 UK") -> DK 8029 UK | B49: =IFERROR(__xludf.DUMMYFUNCTION("""COMPUTED_VALUE"""),"TLPG MANGGIS") -> TLPG MANGGIS | C49: =IFERROR(__xludf.DUMMYFUNCTION("""COMPUTED_VALUE"""),2.0) -> 2 | D49: 2 | E49: SPPBE-PT. Ayu Sari Pertiwi | G49: 48 | H49: =IFERROR(__xludf.DUMMYFUNCTION("""COMPUTED_VALUE"""),"DK 8023 UK") -> DK 8023 UK | I49: =IFERROR(__xludf.DUMMYFUNCTION("""COMPUTED_VALUE"""),"TLPG MANGGIS") -> TLPG MANGGIS | J49: =IFERROR(__xludf.DUMMYFUNCTION("""COMPUTED_VALUE"""),2.0) -> 2 | L49: =IFERROR(__xludf.DUMMYFUNCTION("""COMPUTED_VALUE"""),15.0) -> 15 | M49: =IFERROR(__xludf.DUMMYFUNCTION("""COMPUTED_VALUE"""),"P 8150 UF") -> P 8150 UF | N49: =IFERROR(__xludf.DUMMYFUNCTION("""COMPUTED_VALUE"""),"TLPG TJ WANGI") -> TLPG TJ WANGI | O49: =IFERROR(__xludf.DUMMYFUNCTION("""COMPUTED_VALUE"""),7.0) -> 7 | P49: Data Company Belum Ada | R49: =IFERROR(__xludf.DUMMYFUNCTION("""COMPUTED_VALUE"""),15.0) -> 15 | S49: =IFERROR(__xludf.DUMMYFUNCTION("""COMPUTED_VALUE"""),"N 8299 UR") -> N 8299 UR | T49: =IFERROR(__xludf.DUMMYFUNCTION("""COMPUTED_VALUE"""),"TLPG TJ PERAK") -> TLPG TJ PERAK | U49: =IFERROR(__xludf.DUMMYFUNCTION("""COMPUTED_VALUE"""),8.0) -> 8 | V49: PT BHUMI PERMATA INDAH | X49: =IFERROR(__xludf.DUMMYFUNCTION("""COMPUTED_VALUE"""),15.0) -> 15 | Y49: =IFERROR(__xludf.DUMMYFUNCTION("""COMPUTED_VALUE"""),"N 9262 UF") -> N 9262 UF | Z49: =IFERROR(__xludf.DUMMYFUNCTION("""COMPUTED_VALUE"""),"TLPG MEM GRESIK") -> TLPG MEM GRESIK | AA49: =IFERROR(__xludf.DUMMYFUNCTION("""COMPUTED_VALUE"""),9.0) -> 9 | AB49: PT SINAR WAHANA SURYA | AD49: =IFERROR(__xludf.DUMMYFUNCTION("""COMPUTED_VALUE"""),15.0) -> 15 | AE49: =IFERROR(__xludf.DUMMYFUNCTION("""COMPUTED_VALUE"""),"B 9113 SEI") -> B 9113 SEI | AF49: =IFERROR(__xludf.DUMMYFUNCTION("""COMPUTED_VALUE"""),"TLPG MEM GRESIK") -> TLPG MEM GRESIK | AG49: =IFERROR(__xludf.DUMMYFUNCTION("""COMPUTED_VALUE"""),10.0) -> 10 | AH49: PT PATRA NIAGA | AJ49: =IFERROR(__xludf.DUMMYFUNCTION("""COMPUTED_VALUE"""),15.0) -> 15 | AK49: =IFERROR(__xludf.DUMMYFUNCTION("""COMPUTED_VALUE"""),"DK 8053 DN") -> DK 8053 DN | AL49: =IFERROR(__xludf.DUMMYFUNCTION("""COMPUTED_VALUE"""),"TLPG MANGGIS") -> TLPG MANGGIS | AM49: =IFERROR(__xludf.DUMMYFUNCTION("""COMPUTED_VALUE"""),11.0) -> 11 | AN49: Data Company Belum Ada | AP49: =IFERROR(__xludf.DUMMYFUNCTION("""COMPUTED_VALUE"""),15.0) -> 15 | AQ49: =IFERROR(__xludf.DUMMYFUNCTION("""COMPUTED_VALUE"""),"S 8940 UF") -> S 8940 UF | AR49: =IFERROR(__xludf.DUMMYFUNCTION("""COMPUTED_VALUE"""),"TLPG MEM GRESIK") -> TLPG MEM GRESIK | AS49: =IFERROR(__xludf.DUMMYFUNCTION("""COMPUTED_VALUE"""),12.0) -> 12 | AT49: PT NAUMI ARUMAH ZOE
A50: =IFERROR(__xludf.DUMMYFUNCTION("""COMPUTED_VALUE"""),"DK 8035 UI") -> DK 8035 UI | B50: =IFERROR(__xludf.DUMMYFUNCTION("""COMPUTED_VALUE"""),"TLPG MANGGIS") -> TLPG MANGGIS | C50: =IFERROR(__xludf.DUMMYFUNCTION("""COMPUTED_VALUE"""),2.0) -> 2 | D50: 2 | E50: SPPBE-PT. Gaya Investama | G50: 49 | H50: =IFERROR(__xludf.DUMMYFUNCTION("""COMPUTED_VALUE"""),"DK 8029 UK") -> DK 8029 UK | I50: =IFERROR(__xludf.DUMMYFUNCTION("""COMPUTED_VALUE"""),"TLPG MANGGIS") -> TLPG MANGGIS | J50: =IFERROR(__xludf.DUMMYFUNCTION("""COMPUTED_VALUE"""),2.0) -> 2 | L50: =IFERROR(__xludf.DUMMYFUNCTION("""COMPUTED_VALUE"""),16.0) -> 16 | M50: =IFERROR(__xludf.DUMMYFUNCTION("""COMPUTED_VALUE"""),"P 8257 UH") -> P 8257 UH | N50: =IFERROR(__xludf.DUMMYFUNCTION("""COMPUTED_VALUE"""),"TLPG TJ WANGI") -> TLPG TJ WANGI | O50: =IFERROR(__xludf.DUMMYFUNCTION("""COMPUTED_VALUE"""),7.0) -> 7 | P50: Data Company Belum Ada | R50: =IFERROR(__xludf.DUMMYFUNCTION("""COMPUTED_VALUE"""),16.0) -> 16 | S50: =IFERROR(__xludf.DUMMYFUNCTION("""COMPUTED_VALUE"""),"N 8327 ED") -> N 8327 ED | T50: =IFERROR(__xludf.DUMMYFUNCTION("""COMPUTED_VALUE"""),"TLPG TJ PERAK") -> TLPG TJ PERAK | U50: =IFERROR(__xludf.DUMMYFUNCTION("""COMPUTED_VALUE"""),8.0) -> 8 | V50: PT AGAM SEULAWAH JAYA | X50: =IFERROR(__xludf.DUMMYFUNCTION("""COMPUTED_VALUE"""),16.0) -> 16 | Y50: =IFERROR(__xludf.DUMMYFUNCTION("""COMPUTED_VALUE"""),"N 9286 UN") -> N 9286 UN | Z50: =IFERROR(__xludf.DUMMYFUNCTION("""COMPUTED_VALUE"""),"TLPG TJ PERAK") -> TLPG TJ PERAK | AA50: =IFERROR(__xludf.DUMMYFUNCTION("""COMPUTED_VALUE"""),9.0) -> 9 | AB50: PT HAKAMINDO PETROCHEM | AD50: =IFERROR(__xludf.DUMMYFUNCTION("""COMPUTED_VALUE"""),16.0) -> 16 | AE50: =IFERROR(__xludf.DUMMYFUNCTION("""COMPUTED_VALUE"""),"B 9871 SFV") -> B 9871 SFV | AF50: =IFERROR(__xludf.DUMMYFUNCTION("""COMPUTED_VALUE"""),"TLPG MEM GRESIK") -> TLPG MEM GRESIK | AG50: =IFERROR(__xludf.DUMMYFUNCTION("""COMPUTED_VALUE"""),10.0) -> 10 | AH50: PT PATRA LOGISTIK | AJ50: =IFERROR(__xludf.DUMMYFUNCTION("""COMPUTED_VALUE"""),16.0) -> 16 | AK50: =IFERROR(__xludf.DUMMYFUNCTION("""COMPUTED_VALUE"""),"DK 8694 KP") -> DK 8694 KP | AL50: =IFERROR(__xludf.DUMMYFUNCTION("""COMPUTED_VALUE"""),"TLPG MANGGIS") -> TLPG MANGGIS | AM50: =IFERROR(__xludf.DUMMYFUNCTION("""COMPUTED_VALUE"""),11.0) -> 11 | AN50: SPPBE-PT. Prapen Artha Dewata | AP50: =IFERROR(__xludf.DUMMYFUNCTION("""COMPUTED_VALUE"""),16.0) -> 16 | AQ50: =IFERROR(__xludf.DUMMYFUNCTION("""COMPUTED_VALUE"""),"S 9010 NI") -> S 9010 NI | AR50: =IFERROR(__xludf.DUMMYFUNCTION("""COMPUTED_VALUE"""),"TLPG TJ PERAK") -> TLPG TJ PERAK | AS50: =IFERROR(__xludf.DUMMYFUNCTION("""COMPUTED_VALUE"""),12.0) -> 12 | AT50: PT PATERMAN PETRONIAGA
A51: =IFERROR(__xludf.DUMMYFUNCTION("""COMPUTED_VALUE"""),"DK 8533 CE") -> DK 8533 CE | B51: =IFERROR(__xludf.DUMMYFUNCTION("""COMPUTED_VALUE"""),"TLPG MANGGIS") -> TLPG MANGGIS | C51: =IFERROR(__xludf.DUMMYFUNCTION("""COMPUTED_VALUE"""),2.0) -> 2 | D51: 2 | E51: PT HELA CITRA AGUNG | G51: 50 | H51: =IFERROR(__xludf.DUMMYFUNCTION("""COMPUTED_VALUE"""),"DK 8035 UI") -> DK 8035 UI | I51: =IFERROR(__xludf.DUMMYFUNCTION("""COMPUTED_VALUE"""),"TLPG MANGGIS") -> TLPG MANGGIS | J51: =IFERROR(__xludf.DUMMYFUNCTION("""COMPUTED_VALUE"""),2.0) -> 2 | L51: =IFERROR(__xludf.DUMMYFUNCTION("""COMPUTED_VALUE"""),17.0) -> 17 | M51: =IFERROR(__xludf.DUMMYFUNCTION("""COMPUTED_VALUE"""),"B 9070 SEJ") -> B 9070 SEJ | N51: =IFERROR(__xludf.DUMMYFUNCTION("""COMPUTED_VALUE"""),"TLPG TJ WANGI") -> TLPG TJ WANGI | O51: =IFERROR(__xludf.DUMMYFUNCTION("""COMPUTED_VALUE"""),7.0) -> 7 | P51: Data Company Belum Ada | R51: =IFERROR(__xludf.DUMMYFUNCTION("""COMPUTED_VALUE"""),17.0) -> 17 | S51: =IFERROR(__xludf.DUMMYFUNCTION("""COMPUTED_VALUE"""),"N 8582 UE") -> N 8582 UE | T51: =IFERROR(__xludf.DUMMYFUNCTION("""COMPUTED_VALUE"""),"TLPG TJ PERAK") -> TLPG TJ PERAK | U51: =IFERROR(__xludf.DUMMYFUNCTION("""COMPUTED_VALUE"""),8.0) -> 8 | V51: PT TRIEN GASMIKU | X51: =IFERROR(__xludf.DUMMYFUNCTION("""COMPUTED_VALUE"""),17.0) -> 17 | Y51: =IFERROR(__xludf.DUMMYFUNCTION("""COMPUTED_VALUE"""),"N 9344 EE") -> N 9344 EE | Z51: =IFERROR(__xludf.DUMMYFUNCTION("""COMPUTED_VALUE"""),"TLPG TJ PERAK") -> TLPG TJ PERAK | AA51: =IFERROR(__xludf.DUMMYFUNCTION("""COMPUTED_VALUE"""),9.0) -> 9 | AB51: PT TATA BERSAMA | AD51: =IFERROR(__xludf.DUMMYFUNCTION("""COMPUTED_VALUE"""),17.0) -> 17 | AE51: =IFERROR(__xludf.DUMMYFUNCTION("""COMPUTED_VALUE"""),"P 9114 UG") -> P 9114 UG | AF51: =IFERROR(__xludf.DUMMYFUNCTION("""COMPUTED_VALUE"""),"TLPG MEM GRESIK") -> TLPG MEM GRESIK | AG51: =IFERROR(__xludf.DUMMYFUNCTION("""COMPUTED_VALUE"""),10.0) -> 10 | AH51: PT TRI TUNGGAL ARGOPURO MANDIRI | AJ51: =IFERROR(__xludf.DUMMYFUNCTION("""COMPUTED_VALUE"""),17.0) -> 17 | AK51: =IFERROR(__xludf.DUMMYFUNCTION("""COMPUTED_VALUE"""),"EA 8670 SC") -> EA 8670 SC | AL51: =IFERROR(__xludf.DUMMYFUNCTION("""COMPUTED_VALUE"""),"TLPG BIMA") -> TLPG BIMA | AM51: =IFERROR(__xludf.DUMMYFUNCTION("""COMPUTED_VALUE"""),11.0) -> 11 | AN51: PT. BIMA OIL INTERNUSA | AP51: =IFERROR(__xludf.DUMMYFUNCTION("""COMPUTED_VALUE"""),17.0) -> 17 | AQ51: =IFERROR(__xludf.DUMMYFUNCTION("""COMPUTED_VALUE"""),"S 9096 UH") -> S 9096 UH | AR51: =IFERROR(__xludf.DUMMYFUNCTION("""COMPUTED_VALUE"""),"TLPG TJ PERAK") -> TLPG TJ PERAK | AS51: =IFERROR(__xludf.DUMMYFUNCTION("""COMPUTED_VALUE"""),12.0) -> 12 | AT51: PT PURBAYA BAGELEN MANDIRI
A52: =IFERROR(__xludf.DUMMYFUNCTION("""COMPUTED_VALUE"""),"L 9155 UB") -> L 9155 UB | B52: =IFERROR(__xludf.DUMMYFUNCTION("""COMPUTED_VALUE"""),"TLPG TJ PERAK") -> TLPG TJ PERAK | C52: =IFERROR(__xludf.DUMMYFUNCTION("""COMPUTED_VALUE"""),2.0) -> 2 | D52: 5 | E52: PT AGUNG CATUR UTAMA GROUP | G52: 51 | H52: =IFERROR(__xludf.DUMMYFUNCTION("""COMPUTED_VALUE"""),"DK 8533 CE") -> DK 8533 CE | I52: =IFERROR(__xludf.DUMMYFUNCTION("""COMPUTED_VALUE"""),"TLPG MANGGIS") -> TLPG MANGGIS | J52: =IFERROR(__xludf.DUMMYFUNCTION("""COMPUTED_VALUE"""),2.0) -> 2 | L52: =IFERROR(__xludf.DUMMYFUNCTION("""COMPUTED_VALUE"""),18.0) -> 18 | M52: =IFERROR(__xludf.DUMMYFUNCTION("""COMPUTED_VALUE"""),"DK 8368 PA") -> DK 8368 PA | N52: =IFERROR(__xludf.DUMMYFUNCTION("""COMPUTED_VALUE"""),"TLPG MANGGIS") -> TLPG MANGGIS | O52: =IFERROR(__xludf.DUMMYFUNCTION("""COMPUTED_VALUE"""),7.0) -> 7 | P52: SPPBE-PT. Segara Windhu Dewata | R52: =IFERROR(__xludf.DUMMYFUNCTION("""COMPUTED_VALUE"""),18.0) -> 18 | S52: =IFERROR(__xludf.DUMMYFUNCTION("""COMPUTED_VALUE"""),"N 8657 UV") -> N 8657 UV | T52: =IFERROR(__xludf.DUMMYFUNCTION("""COMPUTED_VALUE"""),"TLPG TJ PERAK") -> TLPG TJ PERAK | U52: =IFERROR(__xludf.DUMMYFUNCTION("""COMPUTED_VALUE"""),8.0) -> 8 | V52: PT SURYA MITRA IMPREZA PRATAMA | X52: =IFERROR(__xludf.DUMMYFUNCTION("""COMPUTED_VALUE"""),18.0) -> 18 | Y52: =IFERROR(__xludf.DUMMYFUNCTION("""COMPUTED_VALUE"""),"N 9422 UU") -> N 9422 UU | Z52: =IFERROR(__xludf.DUMMYFUNCTION("""COMPUTED_VALUE"""),"TLPG TJ PERAK") -> TLPG TJ PERAK | AA52: =IFERROR(__xludf.DUMMYFUNCTION("""COMPUTED_VALUE"""),9.0) -> 9 | AB52: PT BERINGIN GAS LESTARI | AD52: =IFERROR(__xludf.DUMMYFUNCTION("""COMPUTED_VALUE"""),18.0) -> 18 | AE52: =IFERROR(__xludf.DUMMYFUNCTION("""COMPUTED_VALUE"""),"P 9115 UG") -> P 9115 UG | AF52: =IFERROR(__xludf.DUMMYFUNCTION("""COMPUTED_VALUE"""),"TLPG TJ WANGI") -> TLPG TJ WANGI | AG52: =IFERROR(__xludf.DUMMYFUNCTION("""COMPUTED_VALUE"""),10.0) -> 10 | AH52: PT TRI TUNGGAL ARGOPURO MANDIRI | AJ52: =IFERROR(__xludf.DUMMYFUNCTION("""COMPUTED_VALUE"""),18.0) -> 18 | AK52: =IFERROR(__xludf.DUMMYFUNCTION("""COMPUTED_VALUE"""),"N 8756 UB") -> N 8756 UB | AL52: =IFERROR(__xludf.DUMMYFUNCTION("""COMPUTED_VALUE"""),"TLPG TJ PERAK") -> TLPG TJ PERAK | AM52: =IFERROR(__xludf.DUMMYFUNCTION("""COMPUTED_VALUE"""),11.0) -> 11 | AN52: PT ZATALINI CIPTA PERSADA | AP52: =IFERROR(__xludf.DUMMYFUNCTION("""COMPUTED_VALUE"""),18.0) -> 18 | AQ52: =IFERROR(__xludf.DUMMYFUNCTION("""COMPUTED_VALUE"""),"S 9343 UZ") -> S 9343 UZ | AR52: =IFERROR(__xludf.DUMMYFUNCTION("""COMPUTED_VALUE"""),"TLPG TJ PERAK") -> TLPG TJ PERAK | AS52: =IFERROR(__xludf.DUMMYFUNCTION("""COMPUTED_VALUE"""),12.0) -> 12 | AT52: PT DIVA GAS
A53: =IFERROR(__xludf.DUMMYFUNCTION("""COMPUTED_VALUE"""),"L 9390 UU") -> L 9390 UU | B53: =IFERROR(__xludf.DUMMYFUNCTION("""COMPUTED_VALUE"""),"TLPG TJ WANGI") -> TLPG TJ WANGI | C53: =IFERROR(__xludf.DUMMYFUNCTION("""COMPUTED_VALUE"""),2.0) -> 2 | D53: 1 | E53: Data Company Belum Ada | G53: 52 | H53: =IFERROR(__xludf.DUMMYFUNCTION("""COMPUTED_VALUE"""),"N 9195 UF") -> N 9195 UF | I53: =IFERROR(__xludf.DUMMYFUNCTION("""COMPUTED_VALUE"""),"TLPG TJ PERAK") -> TLPG TJ PERAK | J53: =IFERROR(__xludf.DUMMYFUNCTION("""COMPUTED_VALUE"""),2.0) -> 2 | L53: =IFERROR(__xludf.DUMMYFUNCTION("""COMPUTED_VALUE"""),19.0) -> 19 | M53: =IFERROR(__xludf.DUMMYFUNCTION("""COMPUTED_VALUE"""),"DK 8369 PA") -> DK 8369 PA | N53: =IFERROR(__xludf.DUMMYFUNCTION("""COMPUTED_VALUE"""),"TLPG MANGGIS") -> TLPG MANGGIS | O53: =IFERROR(__xludf.DUMMYFUNCTION("""COMPUTED_VALUE"""),7.0) -> 7 | P53: SPPBE-PT. Segara Windhu Dewata | R53: =IFERROR(__xludf.DUMMYFUNCTION("""COMPUTED_VALUE"""),19.0) -> 19 | S53: =IFERROR(__xludf.DUMMYFUNCTION("""COMPUTED_VALUE"""),"N 8660 UH") -> N 8660 UH | T53: =IFERROR(__xludf.DUMMYFUNCTION("""COMPUTED_VALUE"""),"TLPG TJ PERAK") -> TLPG TJ PERAK | U53: =IFERROR(__xludf.DUMMYFUNCTION("""COMPUTED_VALUE"""),8.0) -> 8 | V53: PT TRIEN GASMIKU | X53: =IFERROR(__xludf.DUMMYFUNCTION("""COMPUTED_VALUE"""),19.0) -> 19 | Y53: =IFERROR(__xludf.DUMMYFUNCTION("""COMPUTED_VALUE"""),"N 9424 UU") -> N 9424 UU | Z53: =IFERROR(__xludf.DUMMYFUNCTION("""COMPUTED_VALUE"""),"TLPG TJ PERAK") -> TLPG TJ PERAK | AA53: =IFERROR(__xludf.DUMMYFUNCTION("""COMPUTED_VALUE"""),9.0) -> 9 | AB53: PT ANUGRAH SURYA MANDALA | AD53: =IFERROR(__xludf.DUMMYFUNCTION("""COMPUTED_VALUE"""),19.0) -> 19 | AE53: =IFERROR(__xludf.DUMMYFUNCTION("""COMPUTED_VALUE"""),"S 8058 UL") -> S 8058 UL | AF53: =IFERROR(__xludf.DUMMYFUNCTION("""COMPUTED_VALUE"""),"TLPG MEM GRESIK") -> TLPG MEM GRESIK | AG53: =IFERROR(__xludf.DUMMYFUNCTION("""COMPUTED_VALUE"""),10.0) -> 10 | AH53: PT LAMONGAN GAS LESTARI | AJ53: =IFERROR(__xludf.DUMMYFUNCTION("""COMPUTED_VALUE"""),19.0) -> 19 | AK53: =IFERROR(__xludf.DUMMYFUNCTION("""COMPUTED_VALUE"""),"N 8757 UB") -> N 8757 UB | AL53: =IFERROR(__xludf.DUMMYFUNCTION("""COMPUTED_VALUE"""),"TLPG TJ PERAK") -> TLPG TJ PERAK | AM53: =IFERROR(__xludf.DUMMYFUNCTION("""COMPUTED_VALUE"""),11.0) -> 11 | AN53: PT ZATALINI CIPTA PERSADA | AP53: =IFERROR(__xludf.DUMMYFUNCTION("""COMPUTED_VALUE"""),19.0) -> 19 | AQ53: =IFERROR(__xludf.DUMMYFUNCTION("""COMPUTED_VALUE"""),"S 9611 UJ") -> S 9611 UJ | AR53: =IFERROR(__xludf.DUMMYFUNCTION("""COMPUTED_VALUE"""),"TLPG TJ PERAK") -> TLPG TJ PERAK | AS53: =IFERROR(__xludf.DUMMYFUNCTION("""COMPUTED_VALUE"""),12.0) -> 12 | AT53: PT CATUR MITRA LAMONGAN PRIMA GAS
A54: =IFERROR(__xludf.DUMMYFUNCTION("""COMPUTED_VALUE"""),"L 9718 UD") -> L 9718 UD | B54: =IFERROR(__xludf.DUMMYFUNCTION("""COMPUTED_VALUE"""),"TLPG TJ PERAK") -> TLPG TJ PERAK | C54: =IFERROR(__xludf.DUMMYFUNCTION("""COMPUTED_VALUE"""),2.0) -> 2 | D54: 1 | E54: PT GEHA INTI CITRA | G54: 53 | H54: =IFERROR(__xludf.DUMMYFUNCTION("""COMPUTED_VALUE"""),"DK 8139 TS") -> DK 8139 TS | I54: =IFERROR(__xludf.DUMMYFUNCTION("""COMPUTED_VALUE"""),"TLPG MANGGIS") -> TLPG MANGGIS | J54: =IFERROR(__xludf.DUMMYFUNCTION("""COMPUTED_VALUE"""),2.0) -> 2 | L54: =IFERROR(__xludf.DUMMYFUNCTION("""COMPUTED_VALUE"""),20.0) -> 20 | M54: =IFERROR(__xludf.DUMMYFUNCTION("""COMPUTED_VALUE"""),"DK 8902 UW") -> DK 8902 UW | N54: =IFERROR(__xludf.DUMMYFUNCTION("""COMPUTED_VALUE"""),"TLPG MANGGIS") -> TLPG MANGGIS | O54: =IFERROR(__xludf.DUMMYFUNCTION("""COMPUTED_VALUE"""),7.0) -> 7 | P54: PT. Gaya Investama | R54: =IFERROR(__xludf.DUMMYFUNCTION("""COMPUTED_VALUE"""),20.0) -> 20 | S54: =IFERROR(__xludf.DUMMYFUNCTION("""COMPUTED_VALUE"""),"N 8661 UR") -> N 8661 UR | T54: =IFERROR(__xludf.DUMMYFUNCTION("""COMPUTED_VALUE"""),"TLPG TJ PERAK") -> TLPG TJ PERAK | U54: =IFERROR(__xludf.DUMMYFUNCTION("""COMPUTED_VALUE"""),8.0) -> 8 | V54: PT SUMBER GAS INTI UTAMA | X54: =IFERROR(__xludf.DUMMYFUNCTION("""COMPUTED_VALUE"""),20.0) -> 20 | Y54: =IFERROR(__xludf.DUMMYFUNCTION("""COMPUTED_VALUE"""),"B 9870 SFV") -> B 9870 SFV | Z54: =IFERROR(__xludf.DUMMYFUNCTION("""COMPUTED_VALUE"""),"TLPG MEM GRESIK") -> TLPG MEM GRESIK | AA54: =IFERROR(__xludf.DUMMYFUNCTION("""COMPUTED_VALUE"""),9.0) -> 9 | AB54: PT PATRA LOGISTIK | AD54: =IFERROR(__xludf.DUMMYFUNCTION("""COMPUTED_VALUE"""),20.0) -> 20 | AE54: =IFERROR(__xludf.DUMMYFUNCTION("""COMPUTED_VALUE"""),"S 8237 UZ") -> S 8237 UZ | AF54: =IFERROR(__xludf.DUMMYFUNCTION("""COMPUTED_VALUE"""),"TLPG TJ PERAK") -> TLPG TJ PERAK | AG54: =IFERROR(__xludf.DUMMYFUNCTION("""COMPUTED_VALUE"""),10.0) -> 10 | AH54: PT GAS BUMI NUSANTARA JAYA | AJ54: =IFERROR(__xludf.DUMMYFUNCTION("""COMPUTED_VALUE"""),20.0) -> 20 | AK54: =IFERROR(__xludf.DUMMYFUNCTION("""COMPUTED_VALUE"""),"S 8548 UN") -> S 8548 UN | AL54: =IFERROR(__xludf.DUMMYFUNCTION("""COMPUTED_VALUE"""),"TLPG TJ PERAK") -> TLPG TJ PERAK | AM54: =IFERROR(__xludf.DUMMYFUNCTION("""COMPUTED_VALUE"""),11.0) -> 11 | AN54: PT AMANATUL UMMAH GAS | AP54: =IFERROR(__xludf.DUMMYFUNCTION("""COMPUTED_VALUE"""),20.0) -> 20 | AQ54: =IFERROR(__xludf.DUMMYFUNCTION("""COMPUTED_VALUE"""),"S 9614 UJ") -> S 9614 UJ | AR54: =IFERROR(__xludf.DUMMYFUNCTION("""COMPUTED_VALUE"""),"TLPG TJ PERAK") -> TLPG TJ PERAK | AS54: =IFERROR(__xludf.DUMMYFUNCTION("""COMPUTED_VALUE"""),12.0) -> 12 | AT54: PT CATUR MITRA LAMONGAN PRIMA GAS
A55: =IFERROR(__xludf.DUMMYFUNCTION("""COMPUTED_VALUE"""),"N 8083 UQ") -> N 8083 UQ | B55: =IFERROR(__xludf.DUMMYFUNCTION("""COMPUTED_VALUE"""),"TLPG TJ PERAK") -> TLPG TJ PERAK | C55: =IFERROR(__xludf.DUMMYFUNCTION("""COMPUTED_VALUE"""),2.0) -> 2 | D55: 7 | E55: PT BHUMI PERMATA INDAH | G55: 54 | H55: =IFERROR(__xludf.DUMMYFUNCTION("""COMPUTED_VALUE"""),"DK 8141 JM") -> DK 8141 JM | I55: =IFERROR(__xludf.DUMMYFUNCTION("""COMPUTED_VALUE"""),"TLPG MANGGIS") -> TLPG MANGGIS | J55: =IFERROR(__xludf.DUMMYFUNCTION("""COMPUTED_VALUE"""),2.0) -> 2 | L55: =IFERROR(__xludf.DUMMYFUNCTION("""COMPUTED_VALUE"""),21.0) -> 21 | M55: =IFERROR(__xludf.DUMMYFUNCTION("""COMPUTED_VALUE"""),"DR 8653 AG") -> DR 8653 AG | N55: =IFERROR(__xludf.DUMMYFUNCTION("""COMPUTED_VALUE"""),"TLPG LOMBOK") -> TLPG LOMBOK | O55: =IFERROR(__xludf.DUMMYFUNCTION("""COMPUTED_VALUE"""),7.0) -> 7 | P55: SPPBE-PT. Dinamika Utama Karya | R55: =IFERROR(__xludf.DUMMYFUNCTION("""COMPUTED_VALUE"""),21.0) -> 21 | S55: =IFERROR(__xludf.DUMMYFUNCTION("""COMPUTED_VALUE"""),"N 8673 UV") -> N 8673 UV | T55: =IFERROR(__xludf.DUMMYFUNCTION("""COMPUTED_VALUE"""),"TLPG TJ PERAK") -> TLPG TJ PERAK | U55: =IFERROR(__xludf.DUMMYFUNCTION("""COMPUTED_VALUE"""),8.0) -> 8 | V55: PT BUANATAMA CAHAYA LESTARI | X55: =IFERROR(__xludf.DUMMYFUNCTION("""COMPUTED_VALUE"""),21.0) -> 21 | Y55: =IFERROR(__xludf.DUMMYFUNCTION("""COMPUTED_VALUE"""),"S 8236 UZ") -> S 8236 UZ | Z55: =IFERROR(__xludf.DUMMYFUNCTION("""COMPUTED_VALUE"""),"TLPG TJ PERAK") -> TLPG TJ PERAK | AA55: =IFERROR(__xludf.DUMMYFUNCTION("""COMPUTED_VALUE"""),9.0) -> 9 | AB55: PT GAS BUMI NUSANTARA JAYA | AD55: =IFERROR(__xludf.DUMMYFUNCTION("""COMPUTED_VALUE"""),21.0) -> 21 | AE55: =IFERROR(__xludf.DUMMYFUNCTION("""COMPUTED_VALUE"""),"S 8319 UZ") -> S 8319 UZ | AF55: =IFERROR(__xludf.DUMMYFUNCTION("""COMPUTED_VALUE"""),"TLPG TJ PERAK") -> TLPG TJ PERAK | AG55: =IFERROR(__xludf.DUMMYFUNCTION("""COMPUTED_VALUE"""),10.0) -> 10 | AH55: PT TRIJAYA ADYMIX MANDIRI | AJ55: =IFERROR(__xludf.DUMMYFUNCTION("""COMPUTED_VALUE"""),21.0) -> 21 | AK55: =IFERROR(__xludf.DUMMYFUNCTION("""COMPUTED_VALUE"""),"S 8560 UC") -> S 8560 UC | AL55: =IFERROR(__xludf.DUMMYFUNCTION("""COMPUTED_VALUE"""),"TLPG TJ PERAK") -> TLPG TJ PERAK | AM55: =IFERROR(__xludf.DUMMYFUNCTION("""COMPUTED_VALUE"""),11.0) -> 11 | AN55: PT KURNIAWAN MEKAR AGUNG ABADI | AP55: =IFERROR(__xludf.DUMMYFUNCTION("""COMPUTED_VALUE"""),21.0) -> 21 | AQ55: =IFERROR(__xludf.DUMMYFUNCTION("""COMPUTED_VALUE"""),"S 9650 UE") -> S 9650 UE | AR55: =IFERROR(__xludf.DUMMYFUNCTION("""COMPUTED_VALUE"""),"TLPG TJ PERAK") -> TLPG TJ PERAK | AS55: =IFERROR(__xludf.DUMMYFUNCTION("""COMPUTED_VALUE"""),12.0) -> 12 | AT55: PT PURBAYA BAGELEN MANDIRI
A56: =IFERROR(__xludf.DUMMYFUNCTION("""COMPUTED_VALUE"""),"N 9195 UF") -> N 9195 UF | B56: =IFERROR(__xludf.DUMMYFUNCTION("""COMPUTED_VALUE"""),"TLPG TJ PERAK") -> TLPG TJ PERAK | C56: =IFERROR(__xludf.DUMMYFUNCTION("""COMPUTED_VALUE"""),2.0) -> 2 | D56: 2 | E56: PT LAJU | G56: 55 | H56: =IFERROR(__xludf.DUMMYFUNCTION("""COMPUTED_VALUE"""),"L 8083 CA") -> L 8083 CA | I56: =IFERROR(__xludf.DUMMYFUNCTION("""COMPUTED_VALUE"""),"TLPG TJ WANGI") -> TLPG TJ WANGI | J56: =IFERROR(__xludf.DUMMYFUNCTION("""COMPUTED_VALUE"""),2.0) -> 2 | L56: =IFERROR(__xludf.DUMMYFUNCTION("""COMPUTED_VALUE"""),22.0) -> 22 | M56: =IFERROR(__xludf.DUMMYFUNCTION("""COMPUTED_VALUE"""),"L 9819 UJ") -> L 9819 UJ | N56: =IFERROR(__xludf.DUMMYFUNCTION("""COMPUTED_VALUE"""),"TLPG MEM GRESIK") -> TLPG MEM GRESIK | O56: =IFERROR(__xludf.DUMMYFUNCTION("""COMPUTED_VALUE"""),7.0) -> 7 | P56: PT PATRA NIAGA | R56: =IFERROR(__xludf.DUMMYFUNCTION("""COMPUTED_VALUE"""),22.0) -> 22 | S56: =IFERROR(__xludf.DUMMYFUNCTION("""COMPUTED_VALUE"""),"N 8674 UV") -> N 8674 UV | T56: =IFERROR(__xludf.DUMMYFUNCTION("""COMPUTED_VALUE"""),"TLPG TJ PERAK") -> TLPG TJ PERAK | U56: =IFERROR(__xludf.DUMMYFUNCTION("""COMPUTED_VALUE"""),8.0) -> 8 | V56: PT BUANATAMA CAHAYA LESTARI | X56: =IFERROR(__xludf.DUMMYFUNCTION("""COMPUTED_VALUE"""),22.0) -> 22 | Y56: =IFERROR(__xludf.DUMMYFUNCTION("""COMPUTED_VALUE"""),"S 8290 AI") -> S 8290 AI | Z56: =IFERROR(__xludf.DUMMYFUNCTION("""COMPUTED_VALUE"""),"TLPG TJ PERAK") -> TLPG TJ PERAK | AA56: =IFERROR(__xludf.DUMMYFUNCTION("""COMPUTED_VALUE"""),9.0) -> 9 | AB56: Data Company Belum Ada | AD56: =IFERROR(__xludf.DUMMYFUNCTION("""COMPUTED_VALUE"""),22.0) -> 22 | AE56: =IFERROR(__xludf.DUMMYFUNCTION("""COMPUTED_VALUE"""),"S 8347 UQ") -> S 8347 UQ | AF56: =IFERROR(__xludf.DUMMYFUNCTION("""COMPUTED_VALUE"""),"TLPG TJ PERAK") -> TLPG TJ PERAK | AG56: =IFERROR(__xludf.DUMMYFUNCTION("""COMPUTED_VALUE"""),10.0) -> 10 | AH56: PT ANTARES JAYA SAKTI | AJ56: =IFERROR(__xludf.DUMMYFUNCTION("""COMPUTED_VALUE"""),22.0) -> 22 | AK56: =IFERROR(__xludf.DUMMYFUNCTION("""COMPUTED_VALUE"""),"S 8561 UC") -> S 8561 UC | AL56: =IFERROR(__xludf.DUMMYFUNCTION("""COMPUTED_VALUE"""),"TLPG TJ PERAK") -> TLPG TJ PERAK | AM56: =IFERROR(__xludf.DUMMYFUNCTION("""COMPUTED_VALUE"""),11.0) -> 11 | AN56: PT KURNIAWAN MEKAR A.A | AP56: =IFERROR(__xludf.DUMMYFUNCTION("""COMPUTED_VALUE"""),22.0) -> 22 | AQ56: =IFERROR(__xludf.DUMMYFUNCTION("""COMPUTED_VALUE"""),"S 9973 UQ") -> S 9973 UQ | AR56: =IFERROR(__xludf.DUMMYFUNCTION("""COMPUTED_VALUE"""),"TLPG TJ PERAK") -> TLPG TJ PERAK | AS56: =IFERROR(__xludf.DUMMYFUNCTION("""COMPUTED_VALUE"""),12.0) -> 12 | AT56: PT PATERMAN PETRONIAGA
A57: =IFERROR(__xludf.DUMMYFUNCTION("""COMPUTED_VALUE"""),"P 8172 UF") -> P 8172 UF | B57: =IFERROR(__xludf.DUMMYFUNCTION("""COMPUTED_VALUE"""),"TLPG TJ WANGI") -> TLPG TJ WANGI | C57: =IFERROR(__xludf.DUMMYFUNCTION("""COMPUTED_VALUE"""),2.0) -> 2 | D57: 1 | E57: Data Company Belum Ada | G57: 56 | H57: =IFERROR(__xludf.DUMMYFUNCTION("""COMPUTED_VALUE"""),"AG 8093 EI") -> AG 8093 EI | I57: =IFERROR(__xludf.DUMMYFUNCTION("""COMPUTED_VALUE"""),"TLPG MEM GRESIK") -> TLPG MEM GRESIK | J57: =IFERROR(__xludf.DUMMYFUNCTION("""COMPUTED_VALUE"""),3.0) -> 3 | L57: =IFERROR(__xludf.DUMMYFUNCTION("""COMPUTED_VALUE"""),23.0) -> 23 | M57: =IFERROR(__xludf.DUMMYFUNCTION("""COMPUTED_VALUE"""),"N 8006 UT") -> N 8006 UT | N57: =IFERROR(__xludf.DUMMYFUNCTION("""COMPUTED_VALUE"""),"TLPG TJ PERAK") -> TLPG TJ PERAK | O57: =IFERROR(__xludf.DUMMYFUNCTION("""COMPUTED_VALUE"""),7.0) -> 7 | P57: PT ANUGERAH JATI UTAMA | R57: =IFERROR(__xludf.DUMMYFUNCTION("""COMPUTED_VALUE"""),23.0) -> 23 | S57: =IFERROR(__xludf.DUMMYFUNCTION("""COMPUTED_VALUE"""),"B 9874 SFV") -> B 9874 SFV | T57: =IFERROR(__xludf.DUMMYFUNCTION("""COMPUTED_VALUE"""),"TLPG MEM GRESIK") -> TLPG MEM GRESIK | U57: =IFERROR(__xludf.DUMMYFUNCTION("""COMPUTED_VALUE"""),8.0) -> 8 | V57: PT PATRA LOGISTIK | X57: =IFERROR(__xludf.DUMMYFUNCTION("""COMPUTED_VALUE"""),23.0) -> 23 | Y57: =IFERROR(__xludf.DUMMYFUNCTION("""COMPUTED_VALUE"""),"S 8672 UC") -> S 8672 UC | Z57: =IFERROR(__xludf.DUMMYFUNCTION("""COMPUTED_VALUE"""),"TLPG TJ PERAK") -> TLPG TJ PERAK | AA57: =IFERROR(__xludf.DUMMYFUNCTION("""COMPUTED_VALUE"""),9.0) -> 9 | AB57: PT CAHAYA NEGERI | AD57: =IFERROR(__xludf.DUMMYFUNCTION("""COMPUTED_VALUE"""),23.0) -> 23 | AE57: =IFERROR(__xludf.DUMMYFUNCTION("""COMPUTED_VALUE"""),"S 8543 UN") -> S 8543 UN | AF57: =IFERROR(__xludf.DUMMYFUNCTION("""COMPUTED_VALUE"""),"TLPG TJ PERAK") -> TLPG TJ PERAK | AG57: =IFERROR(__xludf.DUMMYFUNCTION("""COMPUTED_VALUE"""),10.0) -> 10 | AH57: PT AMANATUL UMMAH GAS | AJ57: =IFERROR(__xludf.DUMMYFUNCTION("""COMPUTED_VALUE"""),23.0) -> 23 | AK57: =IFERROR(__xludf.DUMMYFUNCTION("""COMPUTED_VALUE"""),"DK 8078 HJ") -> DK 8078 HJ | AL57: =IFERROR(__xludf.DUMMYFUNCTION("""COMPUTED_VALUE"""),"TLPG MANGGIS") -> TLPG MANGGIS | AM57: =IFERROR(__xludf.DUMMYFUNCTION("""COMPUTED_VALUE"""),11.0) -> 11 | AN57: SPPBE-PT. Sembilan Semangat | AP57: =IFERROR(__xludf.DUMMYFUNCTION("""COMPUTED_VALUE"""),23.0) -> 23 | AQ57: =IFERROR(__xludf.DUMMYFUNCTION("""COMPUTED_VALUE"""),"W 8041 UW") -> W 8041 UW | AR57: =IFERROR(__xludf.DUMMYFUNCTION("""COMPUTED_VALUE"""),"TLPG TJ PERAK") -> TLPG TJ PERAK | AS57: =IFERROR(__xludf.DUMMYFUNCTION("""COMPUTED_VALUE"""),12.0) -> 12 | AT57: PT WIN MED INDONESIA
A58: =IFERROR(__xludf.DUMMYFUNCTION("""COMPUTED_VALUE"""),"AG 8079 UZ") -> AG 8079 UZ | B58: =IFERROR(__xludf.DUMMYFUNCTION("""COMPUTED_VALUE"""),"TLPG TJ PERAK") -> TLPG TJ PERAK | C58: =IFERROR(__xludf.DUMMYFUNCTION("""COMPUTED_VALUE"""),3.0) -> 3 | D58: 3 | E58: PT DIAN EL HADA | G58: 57 | H58: =IFERROR(__xludf.DUMMYFUNCTION("""COMPUTED_VALUE"""),"AG 8016 UC") -> AG 8016 UC | I58: =IFERROR(__xludf.DUMMYFUNCTION("""COMPUTED_VALUE"""),"TLPG TJ PERAK") -> TLPG TJ PERAK | J58: =IFERROR(__xludf.DUMMYFUNCTION("""COMPUTED_VALUE"""),3.0) -> 3 | L58: =IFERROR(__xludf.DUMMYFUNCTION("""COMPUTED_VALUE"""),24.0) -> 24 | M58: =IFERROR(__xludf.DUMMYFUNCTION("""COMPUTED_VALUE"""),"N 8041 UZ") -> N 8041 UZ | N58: =IFERROR(__xludf.DUMMYFUNCTION("""COMPUTED_VALUE"""),"TLPG MEM GRESIK") -> TLPG MEM GRESIK | O58: =IFERROR(__xludf.DUMMYFUNCTION("""COMPUTED_VALUE"""),7.0) -> 7 | P58: PT SINAR AGUNG PUTRA ABADI | R58: =IFERROR(__xludf.DUMMYFUNCTION("""COMPUTED_VALUE"""),24.0) -> 24 | S58: =IFERROR(__xludf.DUMMYFUNCTION("""COMPUTED_VALUE"""),"DK 8100 CL") -> DK 8100 CL | T58: =IFERROR(__xludf.DUMMYFUNCTION("""COMPUTED_VALUE"""),"TLPG MANGGIS") -> TLPG MANGGIS | U58: =IFERROR(__xludf.DUMMYFUNCTION("""COMPUTED_VALUE"""),8.0) -> 8 | V58: SPPBE-PT. Sadikun LPG 3Kg | X58: =IFERROR(__xludf.DUMMYFUNCTION("""COMPUTED_VALUE"""),24.0) -> 24 | Y58: =IFERROR(__xludf.DUMMYFUNCTION("""COMPUTED_VALUE"""),"S 8752 UC") -> S 8752 UC | Z58: =IFERROR(__xludf.DUMMYFUNCTION("""COMPUTED_VALUE"""),"TLPG TJ PERAK") -> TLPG TJ PERAK | AA58: =IFERROR(__xludf.DUMMYFUNCTION("""COMPUTED_VALUE"""),9.0) -> 9 | AB58: PT LA TUNSA | AD58: =IFERROR(__xludf.DUMMYFUNCTION("""COMPUTED_VALUE"""),24.0) -> 24 | AE58: =IFERROR(__xludf.DUMMYFUNCTION("""COMPUTED_VALUE"""),"DK 8781 HB") -> DK 8781 HB | AF58: =IFERROR(__xludf.DUMMYFUNCTION("""COMPUTED_VALUE"""),"TLPG MANGGIS") -> TLPG MANGGIS | AG58: =IFERROR(__xludf.DUMMYFUNCTION("""COMPUTED_VALUE"""),10.0) -> 10 | AH58: Data Company Belum Ada | AJ58: =IFERROR(__xludf.DUMMYFUNCTION("""COMPUTED_VALUE"""),24.0) -> 24 | AK58: =IFERROR(__xludf.DUMMYFUNCTION("""COMPUTED_VALUE"""),"DK 8636 BE") -> DK 8636 BE | AL58: =IFERROR(__xludf.DUMMYFUNCTION("""COMPUTED_VALUE"""),"TLPG MANGGIS") -> TLPG MANGGIS | AM58: =IFERROR(__xludf.DUMMYFUNCTION("""COMPUTED_VALUE"""),11.0) -> 11 | AN58: PT CAHAYA ASTIKA DHARMA | AP58: =IFERROR(__xludf.DUMMYFUNCTION("""COMPUTED_VALUE"""),24.0) -> 24 | AQ58: =IFERROR(__xludf.DUMMYFUNCTION("""COMPUTED_VALUE"""),"W 8303 PG") -> W 8303 PG | AR58: =IFERROR(__xludf.DUMMYFUNCTION("""COMPUTED_VALUE"""),"TLPG TJ PERAK") -> TLPG TJ PERAK | AS58: =IFERROR(__xludf.DUMMYFUNCTION("""COMPUTED_VALUE"""),12.0) -> 12 | AT58: PT KARYA MEGA GAS MANDIRI
A59: =IFERROR(__xludf.DUMMYFUNCTION("""COMPUTED_VALUE"""),"AG 8086 UF") -> AG 8086 UF | B59: =IFERROR(__xludf.DUMMYFUNCTION("""COMPUTED_VALUE"""),"TLPG TJ PERAK") -> TLPG TJ PERAK | C59: =IFERROR(__xludf.DUMMYFUNCTION("""COMPUTED_VALUE"""),3.0) -> 3 | D59: 3 | E59: PT DIAN RAMA GAS | G59: 58 | H59: =IFERROR(__xludf.DUMMYFUNCTION("""COMPUTED_VALUE"""),"AG 8079 UZ") -> AG 8079 UZ | I59: =IFERROR(__xludf.DUMMYFUNCTION("""COMPUTED_VALUE"""),"TLPG TJ PERAK") -> TLPG TJ PERAK | J59: =IFERROR(__xludf.DUMMYFUNCTION("""COMPUTED_VALUE"""),3.0) -> 3 | L59: =IFERROR(__xludf.DUMMYFUNCTION("""COMPUTED_VALUE"""),25.0) -> 25 | M59: =IFERROR(__xludf.DUMMYFUNCTION("""COMPUTED_VALUE"""),"B 9069 SEJ") -> B 9069 SEJ | N59: =IFERROR(__xludf.DUMMYFUNCTION("""COMPUTED_VALUE"""),"TLPG TJ WANGI") -> TLPG TJ WANGI | O59: =IFERROR(__xludf.DUMMYFUNCTION("""COMPUTED_VALUE"""),7.0) -> 7 | P59: Data Company Belum Ada | R59: =IFERROR(__xludf.DUMMYFUNCTION("""COMPUTED_VALUE"""),25.0) -> 25 | S59: =IFERROR(__xludf.DUMMYFUNCTION("""COMPUTED_VALUE"""),"DK 8547 CV") -> DK 8547 CV | T59: =IFERROR(__xludf.DUMMYFUNCTION("""COMPUTED_VALUE"""),"TLPG MANGGIS") -> TLPG MANGGIS | U59: =IFERROR(__xludf.DUMMYFUNCTION("""COMPUTED_VALUE"""),8.0) -> 8 | V59: SPPBE-PT. Sadikun LPG 3Kg | X59: =IFERROR(__xludf.DUMMYFUNCTION("""COMPUTED_VALUE"""),25.0) -> 25 | Y59: =IFERROR(__xludf.DUMMYFUNCTION("""COMPUTED_VALUE"""),"S 8943 UU") -> S 8943 UU | Z59: =IFERROR(__xludf.DUMMYFUNCTION("""COMPUTED_VALUE"""),"TLPG TJ PERAK") -> TLPG TJ PERAK | AA59: =IFERROR(__xludf.DUMMYFUNCTION("""COMPUTED_VALUE"""),9.0) -> 9 | AB59: PT TRIMEGAH FARGASINDO | AD59: =IFERROR(__xludf.DUMMYFUNCTION("""COMPUTED_VALUE"""),25.0) -> 25 | AE59: =IFERROR(__xludf.DUMMYFUNCTION("""COMPUTED_VALUE"""),"DK 8834 BM") -> DK 8834 BM | AF59: =IFERROR(__xludf.DUMMYFUNCTION("""COMPUTED_VALUE"""),"TLPG MANGGIS") -> TLPG MANGGIS | AG59: =IFERROR(__xludf.DUMMYFUNCTION("""COMPUTED_VALUE"""),10.0) -> 10 | AH59: SPPBE-PT. Cahaya Astika Dharma | AJ59: =IFERROR(__xludf.DUMMYFUNCTION("""COMPUTED_VALUE"""),25.0) -> 25 | AK59: =IFERROR(__xludf.DUMMYFUNCTION("""COMPUTED_VALUE"""),"P 8824 UI") -> P 8824 UI | AL59: =IFERROR(__xludf.DUMMYFUNCTION("""COMPUTED_VALUE"""),"TLPG TJ WANGI") -> TLPG TJ WANGI | AM59: =IFERROR(__xludf.DUMMYFUNCTION("""COMPUTED_VALUE"""),11.0) -> 11 | AN59: PT SUMBER MAKMUR MEGAH ABADI | AP59: =IFERROR(__xludf.DUMMYFUNCTION("""COMPUTED_VALUE"""),25.0) -> 25 | AQ59: =IFERROR(__xludf.DUMMYFUNCTION("""COMPUTED_VALUE"""),"W 8353 UR") -> W 8353 UR | AR59: =IFERROR(__xludf.DUMMYFUNCTION("""COMPUTED_VALUE"""),"TLPG TJ PERAK") -> TLPG TJ PERAK | AS59: =IFERROR(__xludf.DUMMYFUNCTION("""COMPUTED_VALUE"""),12.0) -> 12 | AT59: PT NAWA PELITA RAYA
A60: =IFERROR(__xludf.DUMMYFUNCTION("""COMPUTED_VALUE"""),"AG 8087 UF") -> AG 8087 UF | B60: =IFERROR(__xludf.DUMMYFUNCTION("""COMPUTED_VALUE"""),"TLPG TJ PERAK") -> TLPG TJ PERAK | C60: =IFERROR(__xludf.DUMMYFUNCTION("""COMPUTED_VALUE"""),3.0) -> 3 | D60: 3 | E60: PT DIAN RAMA GAS | G60: 59 | H60: =IFERROR(__xludf.DUMMYFUNCTION("""COMPUTED_VALUE"""),"AG 8086 UF") -> AG 8086 UF | I60: =IFERROR(__xludf.DUMMYFUNCTION("""COMPUTED_VALUE"""),"TLPG TJ PERAK") -> TLPG TJ PERAK | J60: =IFERROR(__xludf.DUMMYFUNCTION("""COMPUTED_VALUE"""),3.0) -> 3 | L60: =IFERROR(__xludf.DUMMYFUNCTION("""COMPUTED_VALUE"""),26.0) -> 26 | M60: =IFERROR(__xludf.DUMMYFUNCTION("""COMPUTED_VALUE"""),"AG 8063 UZ") -> AG 8063 UZ | N60: =IFERROR(__xludf.DUMMYFUNCTION("""COMPUTED_VALUE"""),"TLPG TJ PERAK") -> TLPG TJ PERAK | O60: =IFERROR(__xludf.DUMMYFUNCTION("""COMPUTED_VALUE"""),7.0) -> 7 | P60: PT TRIAS MULTI NASIONAL | R60: =IFERROR(__xludf.DUMMYFUNCTION("""COMPUTED_VALUE"""),26.0) -> 26 | S60: =IFERROR(__xludf.DUMMYFUNCTION("""COMPUTED_VALUE"""),"DK 8565 BS") -> DK 8565 BS | T60: =IFERROR(__xludf.DUMMYFUNCTION("""COMPUTED_VALUE"""),"TLPG MANGGIS") -> TLPG MANGGIS | U60: =IFERROR(__xludf.DUMMYFUNCTION("""COMPUTED_VALUE"""),8.0) -> 8 | V60: SPPBE-PT. Pande Agung Dewata | X60: =IFERROR(__xludf.DUMMYFUNCTION("""COMPUTED_VALUE"""),26.0) -> 26 | Y60: =IFERROR(__xludf.DUMMYFUNCTION("""COMPUTED_VALUE"""),"S 8977 UL") -> S 8977 UL | Z60: =IFERROR(__xludf.DUMMYFUNCTION("""COMPUTED_VALUE"""),"TLPG TJ PERAK") -> TLPG TJ PERAK | AA60: =IFERROR(__xludf.DUMMYFUNCTION("""COMPUTED_VALUE"""),9.0) -> 9 | AB60: PT SRI MUKTI RAYA | AD60: =IFERROR(__xludf.DUMMYFUNCTION("""COMPUTED_VALUE"""),26.0) -> 26 | AE60: =IFERROR(__xludf.DUMMYFUNCTION("""COMPUTED_VALUE"""),"N 8025 UZ") -> N 8025 UZ | AF60: =IFERROR(__xludf.DUMMYFUNCTION("""COMPUTED_VALUE"""),"TLPG MEM GRESIK") -> TLPG MEM GRESIK | AG60: =IFERROR(__xludf.DUMMYFUNCTION("""COMPUTED_VALUE"""),10.0) -> 10 | AH60: PT SINAR AGUNG PUTRA ABADI | AJ60: =IFERROR(__xludf.DUMMYFUNCTION("""COMPUTED_VALUE"""),26.0) -> 26 | AK60: =IFERROR(__xludf.DUMMYFUNCTION("""COMPUTED_VALUE"""),"P 8970 UG") -> P 8970 UG | AL60: =IFERROR(__xludf.DUMMYFUNCTION("""COMPUTED_VALUE"""),"TLPG TJ WANGI") -> TLPG TJ WANGI | AM60: =IFERROR(__xludf.DUMMYFUNCTION("""COMPUTED_VALUE"""),11.0) -> 11 | AN60: PT TRI TUNGGAL ARGOPURO MANDIRI | AP60: =IFERROR(__xludf.DUMMYFUNCTION("""COMPUTED_VALUE"""),26.0) -> 26 | AQ60: =IFERROR(__xludf.DUMMYFUNCTION("""COMPUTED_VALUE"""),"W 8409 UQ") -> W 8409 UQ | AR60: =IFERROR(__xludf.DUMMYFUNCTION("""COMPUTED_VALUE"""),"TLPG MEM GRESIK") -> TLPG MEM GRESIK | AS60: =IFERROR(__xludf.DUMMYFUNCTION("""COMPUTED_VALUE"""),12.0) -> 12 | AT60: PT KARYA JAYA LESTARI
A61: =IFERROR(__xludf.DUMMYFUNCTION("""COMPUTED_VALUE"""),"AG 8088 UF") -> AG 8088 UF | B61: =IFERROR(__xludf.DUMMYFUNCTION("""COMPUTED_VALUE"""),"TLPG TJ PERAK") -> TLPG TJ PERAK | C61: =IFERROR(__xludf.DUMMYFUNCTION("""COMPUTED_VALUE"""),3.0) -> 3 | D61: 3 | E61: PT DIAN RAMA GAS | G61: 60 | H61: =IFERROR(__xludf.DUMMYFUNCTION("""COMPUTED_VALUE"""),"AG 8087 UF") -> AG 8087 UF | I61: =IFERROR(__xludf.DUMMYFUNCTION("""COMPUTED_VALUE"""),"TLPG TJ PERAK") -> TLPG TJ PERAK | J61: =IFERROR(__xludf.DUMMYFUNCTION("""COMPUTED_VALUE"""),3.0) -> 3 | L61: =IFERROR(__xludf.DUMMYFUNCTION("""COMPUTED_VALUE"""),27.0) -> 27 | M61: =IFERROR(__xludf.DUMMYFUNCTION("""COMPUTED_VALUE"""),"AG 8913 UK") -> AG 8913 UK | N61: =IFERROR(__xludf.DUMMYFUNCTION("""COMPUTED_VALUE"""),"TLPG TJ PERAK") -> TLPG TJ PERAK | O61: =IFERROR(__xludf.DUMMYFUNCTION("""COMPUTED_VALUE"""),7.0) -> 7 | P61: PT RACHMASARI BRASS INDONESIA | R61: =IFERROR(__xludf.DUMMYFUNCTION("""COMPUTED_VALUE"""),27.0) -> 27 | S61: =IFERROR(__xludf.DUMMYFUNCTION("""COMPUTED_VALUE"""),"DK 8967 CA") -> DK 8967 CA | T61: =IFERROR(__xludf.DUMMYFUNCTION("""COMPUTED_VALUE"""),"TLPG MANGGIS") -> TLPG MANGGIS | U61: =IFERROR(__xludf.DUMMYFUNCTION("""COMPUTED_VALUE"""),8.0) -> 8 | V61: SPPBE-PT. Sari Dharma Mandiri | X61: =IFERROR(__xludf.DUMMYFUNCTION("""COMPUTED_VALUE"""),27.0) -> 27 | Y61: =IFERROR(__xludf.DUMMYFUNCTION("""COMPUTED_VALUE"""),"W 8059 UD") -> W 8059 UD | Z61: =IFERROR(__xludf.DUMMYFUNCTION("""COMPUTED_VALUE"""),"TLPG LOMBOK") -> TLPG LOMBOK | AA61: =IFERROR(__xludf.DUMMYFUNCTION("""COMPUTED_VALUE"""),9.0) -> 9 | AB61: SPPBE-PT. Surya Adiguna Indogas | AD61: =IFERROR(__xludf.DUMMYFUNCTION("""COMPUTED_VALUE"""),27.0) -> 27 | AE61: =IFERROR(__xludf.DUMMYFUNCTION("""COMPUTED_VALUE"""),"W 8057 UD") -> W 8057 UD | AF61: =IFERROR(__xludf.DUMMYFUNCTION("""COMPUTED_VALUE"""),"TLPG BIMA") -> TLPG BIMA | AG61: =IFERROR(__xludf.DUMMYFUNCTION("""COMPUTED_VALUE"""),10.0) -> 10 | AH61: PT. SUMBAWA DUTA ENERGI | AJ61: =IFERROR(__xludf.DUMMYFUNCTION("""COMPUTED_VALUE"""),27.0) -> 27 | AK61: =IFERROR(__xludf.DUMMYFUNCTION("""COMPUTED_VALUE"""),"S 8936 UM") -> S 8936 UM | AL61: =IFERROR(__xludf.DUMMYFUNCTION("""COMPUTED_VALUE"""),"TLPG TJ PERAK") -> TLPG TJ PERAK | AM61: =IFERROR(__xludf.DUMMYFUNCTION("""COMPUTED_VALUE"""),11.0) -> 11 | AN61: PT PROFIL SUKSES ABADI | AP61: =IFERROR(__xludf.DUMMYFUNCTION("""COMPUTED_VALUE"""),27.0) -> 27 | AQ61: =IFERROR(__xludf.DUMMYFUNCTION("""COMPUTED_VALUE"""),"W 8637 DV") -> W 8637 DV | AR61: =IFERROR(__xludf.DUMMYFUNCTION("""COMPUTED_VALUE"""),"TLPG TJ PERAK") -> TLPG TJ PERAK | AS61: =IFERROR(__xludf.DUMMYFUNCTION("""COMPUTED_VALUE"""),12.0) -> 12 | AT61: PT SUGIHARTO BERJAYA
A62: =IFERROR(__xludf.DUMMYFUNCTION("""COMPUTED_VALUE"""),"AG 8106 UC") -> AG 8106 UC | B62: =IFERROR(__xludf.DUMMYFUNCTION("""COMPUTED_VALUE"""),"TLPG TJ PERAK") -> TLPG TJ PERAK | C62: =IFERROR(__xludf.DUMMYFUNCTION("""COMPUTED_VALUE"""),3.0) -> 3 | D62: 3 | E62: PT LIRBOYO INSAN GLOBAL | G62: 61 | H62: =IFERROR(__xludf.DUMMYFUNCTION("""COMPUTED_VALUE"""),"AG 8088 UF") -> AG 8088 UF | I62: =IFERROR(__xludf.DUMMYFUNCTION("""COMPUTED_VALUE"""),"TLPG TJ PERAK") -> TLPG TJ PERAK | J62: =IFERROR(__xludf.DUMMYFUNCTION("""COMPUTED_VALUE"""),3.0) -> 3 | L62: =IFERROR(__xludf.DUMMYFUNCTION("""COMPUTED_VALUE"""),28.0) -> 28 | M62: =IFERROR(__xludf.DUMMYFUNCTION("""COMPUTED_VALUE"""),"B 9873 SFV") -> B 9873 SFV | N62: =IFERROR(__xludf.DUMMYFUNCTION("""COMPUTED_VALUE"""),"TLPG MEM GRESIK") -> TLPG MEM GRESIK | O62: =IFERROR(__xludf.DUMMYFUNCTION("""COMPUTED_VALUE"""),7.0) -> 7 | P62: PT PATRA LOGISTIK | R62: =IFERROR(__xludf.DUMMYFUNCTION("""COMPUTED_VALUE"""),28.0) -> 28 | S62: =IFERROR(__xludf.DUMMYFUNCTION("""COMPUTED_VALUE"""),"DR 8654 AI") -> DR 8654 AI | T62: =IFERROR(__xludf.DUMMYFUNCTION("""COMPUTED_VALUE"""),"TLPG LOMBOK") -> TLPG LOMBOK | U62: =IFERROR(__xludf.DUMMYFUNCTION("""COMPUTED_VALUE"""),8.0) -> 8 | V62: Data Company Belum Ada | X62: =IFERROR(__xludf.DUMMYFUNCTION("""COMPUTED_VALUE"""),28.0) -> 28 | Y62: =IFERROR(__xludf.DUMMYFUNCTION("""COMPUTED_VALUE"""),"DK 8737 DQ") -> DK 8737 DQ | Z62: =IFERROR(__xludf.DUMMYFUNCTION("""COMPUTED_VALUE"""),"TLPG MANGGIS") -> TLPG MANGGIS | AA62: =IFERROR(__xludf.DUMMYFUNCTION("""COMPUTED_VALUE"""),9.0) -> 9 | AB62: SPPBE-PT. Candra Karya Gas | AD62: =IFERROR(__xludf.DUMMYFUNCTION("""COMPUTED_VALUE"""),28.0) -> 28 | AE62: =IFERROR(__xludf.DUMMYFUNCTION("""COMPUTED_VALUE"""),"W 8193 PF") -> W 8193 PF | AF62: =IFERROR(__xludf.DUMMYFUNCTION("""COMPUTED_VALUE"""),"TLPG TJ PERAK") -> TLPG TJ PERAK | AG62: =IFERROR(__xludf.DUMMYFUNCTION("""COMPUTED_VALUE"""),10.0) -> 10 | AH62: PT BONGKARAN ENERGI | AP62: =IFERROR(__xludf.DUMMYFUNCTION("""COMPUTED_VALUE"""),28.0) -> 28 | AQ62: =IFERROR(__xludf.DUMMYFUNCTION("""COMPUTED_VALUE"""),"W 8042 UD") -> W 8042 UD | AR62: =IFERROR(__xludf.DUMMYFUNCTION("""COMPUTED_VALUE"""),"TLPG LOMBOK") -> TLPG LOMBOK | AS62: =IFERROR(__xludf.DUMMYFUNCTION("""COMPUTED_VALUE"""),12.0) -> 12 | AT62: SPPBE-PT. Surya Adiguna Indogas
A63: =IFERROR(__xludf.DUMMYFUNCTION("""COMPUTED_VALUE"""),"AG 8126 UF") -> AG 8126 UF | B63: =IFERROR(__xludf.DUMMYFUNCTION("""COMPUTED_VALUE"""),"TLPG TJ PERAK") -> TLPG TJ PERAK | C63: =IFERROR(__xludf.DUMMYFUNCTION("""COMPUTED_VALUE"""),3.0) -> 3 | D63: 3 | E63: PT NARA RIZKA MANUNGGAL | G63: 62 | H63: =IFERROR(__xludf.DUMMYFUNCTION("""COMPUTED_VALUE"""),"AG 8106 UC") -> AG 8106 UC | I63: =IFERROR(__xludf.DUMMYFUNCTION("""COMPUTED_VALUE"""),"TLPG TJ PERAK") -> TLPG TJ PERAK | J63: =IFERROR(__xludf.DUMMYFUNCTION("""COMPUTED_VALUE"""),3.0) -> 3 | L63: =IFERROR(__xludf.DUMMYFUNCTION("""COMPUTED_VALUE"""),29.0) -> 29 | M63: =IFERROR(__xludf.DUMMYFUNCTION("""COMPUTED_VALUE"""),"W 8180 UQ") -> W 8180 UQ | N63: =IFERROR(__xludf.DUMMYFUNCTION("""COMPUTED_VALUE"""),"TLPG TJ PERAK") -> TLPG TJ PERAK | O63: =IFERROR(__xludf.DUMMYFUNCTION("""COMPUTED_VALUE"""),7.0) -> 7 | P63: Data Company Belum Ada
A64: =IFERROR(__xludf.DUMMYFUNCTION("""COMPUTED_VALUE"""),"AG 8128 UF") -> AG 8128 UF | B64: =IFERROR(__xludf.DUMMYFUNCTION("""COMPUTED_VALUE"""),"TLPG TJ PERAK") -> TLPG TJ PERAK | C64: =IFERROR(__xludf.DUMMYFUNCTION("""COMPUTED_VALUE"""),3.0) -> 3 | D64: 3 | E64: PT NARA RIZKA MANUNGGAL | G64: 63 | H64: =IFERROR(__xludf.DUMMYFUNCTION("""COMPUTED_VALUE"""),"AG 8126 UF") -> AG 8126 UF | I64: =IFERROR(__xludf.DUMMYFUNCTION("""COMPUTED_VALUE"""),"TLPG TJ PERAK") -> TLPG TJ PERAK | J64: =IFERROR(__xludf.DUMMYFUNCTION("""COMPUTED_VALUE"""),3.0) -> 3
A65: =IFERROR(__xludf.DUMMYFUNCTION("""COMPUTED_VALUE"""),"AG 8129 UF") -> AG 8129 UF | B65: =IFERROR(__xludf.DUMMYFUNCTION("""COMPUTED_VALUE"""),"TLPG TJ PERAK") -> TLPG TJ PERAK | C65: =IFERROR(__xludf.DUMMYFUNCTION("""COMPUTED_VALUE"""),3.0) -> 3 | D65: 3 | E65: PT NARA RIZKA MANUNGGAL | G65: 64 | H65: =IFERROR(__xludf.DUMMYFUNCTION("""COMPUTED_VALUE"""),"AG 8128 UF") -> AG 8128 UF | I65: =IFERROR(__xludf.DUMMYFUNCTION("""COMPUTED_VALUE"""),"TLPG TJ PERAK") -> TLPG TJ PERAK | J65: =IFERROR(__xludf.DUMMYFUNCTION("""COMPUTED_VALUE"""),3.0) -> 3
A66: =IFERROR(__xludf.DUMMYFUNCTION("""COMPUTED_VALUE"""),"AG 8152 UL") -> AG 8152 UL | B66: =IFERROR(__xludf.DUMMYFUNCTION("""COMPUTED_VALUE"""),"TLPG TJ PERAK") -> TLPG TJ PERAK | C66: =IFERROR(__xludf.DUMMYFUNCTION("""COMPUTED_VALUE"""),3.0) -> 3 | D66: 3 | E66: PT RAMA MANGGALA GAS | G66: 65 | H66: =IFERROR(__xludf.DUMMYFUNCTION("""COMPUTED_VALUE"""),"AG 8129 UF") -> AG 8129 UF | I66: =IFERROR(__xludf.DUMMYFUNCTION("""COMPUTED_VALUE"""),"TLPG TJ PERAK") -> TLPG TJ PERAK | J66: =IFERROR(__xludf.DUMMYFUNCTION("""COMPUTED_VALUE"""),3.0) -> 3
A67: =IFERROR(__xludf.DUMMYFUNCTION("""COMPUTED_VALUE"""),"AG 8225 UG") -> AG 8225 UG | B67: =IFERROR(__xludf.DUMMYFUNCTION("""COMPUTED_VALUE"""),"TLPG TJ PERAK") -> TLPG TJ PERAK | C67: =IFERROR(__xludf.DUMMYFUNCTION("""COMPUTED_VALUE"""),3.0) -> 3 | D67: 3 | E67: PT SINAR HASIL BUANA | G67: 66 | H67: =IFERROR(__xludf.DUMMYFUNCTION("""COMPUTED_VALUE"""),"AG 8152 UL") -> AG 8152 UL | I67: =IFERROR(__xludf.DUMMYFUNCTION("""COMPUTED_VALUE"""),"TLPG TJ PERAK") -> TLPG TJ PERAK | J67: =IFERROR(__xludf.DUMMYFUNCTION("""COMPUTED_VALUE"""),3.0) -> 3
A68: =IFERROR(__xludf.DUMMYFUNCTION("""COMPUTED_VALUE"""),"AG 8263 UW") -> AG 8263 UW | B68: =IFERROR(__xludf.DUMMYFUNCTION("""COMPUTED_VALUE"""),"TLPG TJ PERAK") -> TLPG TJ PERAK | C68: =IFERROR(__xludf.DUMMYFUNCTION("""COMPUTED_VALUE"""),3.0) -> 3 | D68: 1 | E68: PT LAMONGAN JOYO | G68: 67 | H68: =IFERROR(__xludf.DUMMYFUNCTION("""COMPUTED_VALUE"""),"AG 8225 UG") -> AG 8225 UG | I68: =IFERROR(__xludf.DUMMYFUNCTION("""COMPUTED_VALUE"""),"TLPG TJ PERAK") -> TLPG TJ PERAK | J68: =IFERROR(__xludf.DUMMYFUNCTION("""COMPUTED_VALUE"""),3.0) -> 3
A69: =IFERROR(__xludf.DUMMYFUNCTION("""COMPUTED_VALUE"""),"AG 8374 UG") -> AG 8374 UG | B69: =IFERROR(__xludf.DUMMYFUNCTION("""COMPUTED_VALUE"""),"TLPG TJ PERAK") -> TLPG TJ PERAK | C69: =IFERROR(__xludf.DUMMYFUNCTION("""COMPUTED_VALUE"""),3.0) -> 3 | D69: 3 | E69: PT PANDU MANUNGGAL KARSA | G69: 68 | H69: =IFERROR(__xludf.DUMMYFUNCTION("""COMPUTED_VALUE"""),"AG 8374 UG") -> AG 8374 UG | I69: =IFERROR(__xludf.DUMMYFUNCTION("""COMPUTED_VALUE"""),"TLPG TJ PERAK") -> TLPG TJ PERAK | J69: =IFERROR(__xludf.DUMMYFUNCTION("""COMPUTED_VALUE"""),3.0) -> 3
A70: =IFERROR(__xludf.DUMMYFUNCTION("""COMPUTED_VALUE"""),"AG 8380 KL") -> AG 8380 KL | B70: =IFERROR(__xludf.DUMMYFUNCTION("""COMPUTED_VALUE"""),"TLPG TJ PERAK") -> TLPG TJ PERAK | C70: =IFERROR(__xludf.DUMMYFUNCTION("""COMPUTED_VALUE"""),3.0) -> 3 | D70: 3 | E70: PT AGUNG CATUR UTAMA GROUP | G70: 69 | H70: =IFERROR(__xludf.DUMMYFUNCTION("""COMPUTED_VALUE"""),"AG 8380 KL") -> AG 8380 KL | I70: =IFERROR(__xludf.DUMMYFUNCTION("""COMPUTED_VALUE"""),"TLPG TJ PERAK") -> TLPG TJ PERAK | J70: =IFERROR(__xludf.DUMMYFUNCTION("""COMPUTED_VALUE"""),3.0) -> 3
A71: =IFERROR(__xludf.DUMMYFUNCTION("""COMPUTED_VALUE"""),"AG 8384 UE") -> AG 8384 UE | B71: =IFERROR(__xludf.DUMMYFUNCTION("""COMPUTED_VALUE"""),"TLPG TJ PERAK") -> TLPG TJ PERAK | C71: =IFERROR(__xludf.DUMMYFUNCTION("""COMPUTED_VALUE"""),3.0) -> 3 | D71: 3 | E71: PT SURYA ADHILESTARI | G71: 70 | H71: =IFERROR(__xludf.DUMMYFUNCTION("""COMPUTED_VALUE"""),"AG 8384 UE") -> AG 8384 UE | I71: =IFERROR(__xludf.DUMMYFUNCTION("""COMPUTED_VALUE"""),"TLPG TJ PERAK") -> TLPG TJ PERAK | J71: =IFERROR(__xludf.DUMMYFUNCTION("""COMPUTED_VALUE"""),3.0) -> 3
A72: =IFERROR(__xludf.DUMMYFUNCTION("""COMPUTED_VALUE"""),"B 9115 SEI") -> B 9115 SEI | B72: =IFERROR(__xludf.DUMMYFUNCTION("""COMPUTED_VALUE"""),"TLPG MEM GRESIK") -> TLPG MEM GRESIK | C72: =IFERROR(__xludf.DUMMYFUNCTION("""COMPUTED_VALUE"""),3.0) -> 3 | D72: 3 | E72: PT PATRA NIAGA | G72: 71 | H72: =IFERROR(__xludf.DUMMYFUNCTION("""COMPUTED_VALUE"""),"B 9115 SEI") -> B 9115 SEI | I72: =IFERROR(__xludf.DUMMYFUNCTION("""COMPUTED_VALUE"""),"TLPG MEM GRESIK") -> TLPG MEM GRESIK | J72: =IFERROR(__xludf.DUMMYFUNCTION("""COMPUTED_VALUE"""),3.0) -> 3
A73: =IFERROR(__xludf.DUMMYFUNCTION("""COMPUTED_VALUE"""),"B 9203 TEK") -> B 9203 TEK | B73: =IFERROR(__xludf.DUMMYFUNCTION("""COMPUTED_VALUE"""),"TLPG MEM GRESIK") -> TLPG MEM GRESIK | C73: =IFERROR(__xludf.DUMMYFUNCTION("""COMPUTED_VALUE"""),3.0) -> 3 | D73: 3 | E73: PT ADAM TRANS | G73: 72 | H73: =IFERROR(__xludf.DUMMYFUNCTION("""COMPUTED_VALUE"""),"B 9203 TEK") -> B 9203 TEK | I73: =IFERROR(__xludf.DUMMYFUNCTION("""COMPUTED_VALUE"""),"TLPG MEM GRESIK") -> TLPG MEM GRESIK | J73: =IFERROR(__xludf.DUMMYFUNCTION("""COMPUTED_VALUE"""),3.0) -> 3
A74: =IFERROR(__xludf.DUMMYFUNCTION("""COMPUTED_VALUE"""),"B 9712 SFU") -> B 9712 SFU | B74: =IFERROR(__xludf.DUMMYFUNCTION("""COMPUTED_VALUE"""),"TLPG MEM GRESIK") -> TLPG MEM GRESIK | C74: =IFERROR(__xludf.DUMMYFUNCTION("""COMPUTED_VALUE"""),3.0) -> 3 | D74: 3 | E74: PT PATRA NIAGA | G74: 73 | H74: =IFERROR(__xludf.DUMMYFUNCTION("""COMPUTED_VALUE"""),"B 9712 SFU") -> B 9712 SFU | I74: =IFERROR(__xludf.DUMMYFUNCTION("""COMPUTED_VALUE"""),"TLPG MEM GRESIK") -> TLPG MEM GRESIK | J74: =IFERROR(__xludf.DUMMYFUNCTION("""COMPUTED_VALUE"""),3.0) -> 3
A75: =IFERROR(__xludf.DUMMYFUNCTION("""COMPUTED_VALUE"""),"B 9880 SFU") -> B 9880 SFU | B75: =IFERROR(__xludf.DUMMYFUNCTION("""COMPUTED_VALUE"""),"TLPG MEM GRESIK") -> TLPG MEM GRESIK | C75: =IFERROR(__xludf.DUMMYFUNCTION("""COMPUTED_VALUE"""),3.0) -> 3 | D75: 3 | E75: PT PATRA NIAGA | G75: 74 | H75: =IFERROR(__xludf.DUMMYFUNCTION("""COMPUTED_VALUE"""),"B 9880 SFU") -> B 9880 SFU | I75: =IFERROR(__xludf.DUMMYFUNCTION("""COMPUTED_VALUE"""),"TLPG MEM GRESIK") -> TLPG MEM GRESIK | J75: =IFERROR(__xludf.DUMMYFUNCTION("""COMPUTED_VALUE"""),3.0) -> 3
A76: =IFERROR(__xludf.DUMMYFUNCTION("""COMPUTED_VALUE"""),"DK 8139 TS") -> DK 8139 TS | B76: =IFERROR(__xludf.DUMMYFUNCTION("""COMPUTED_VALUE"""),"TLPG MANGGIS") -> TLPG MANGGIS | C76: =IFERROR(__xludf.DUMMYFUNCTION("""COMPUTED_VALUE"""),3.0) -> 3 | D76: 2 | E76: SPPBE-PT. Gasari Mas Timur | G76: 75 | H76: =IFERROR(__xludf.DUMMYFUNCTION("""COMPUTED_VALUE"""),"DK 8596 AO") -> DK 8596 AO | I76: =IFERROR(__xludf.DUMMYFUNCTION("""COMPUTED_VALUE"""),"TLPG LOMBOK") -> TLPG LOMBOK | J76: =IFERROR(__xludf.DUMMYFUNCTION("""COMPUTED_VALUE"""),3.0) -> 3
A77: =IFERROR(__xludf.DUMMYFUNCTION("""COMPUTED_VALUE"""),"DK 8141 JM") -> DK 8141 JM | B77: =IFERROR(__xludf.DUMMYFUNCTION("""COMPUTED_VALUE"""),"TLPG MANGGIS") -> TLPG MANGGIS | C77: =IFERROR(__xludf.DUMMYFUNCTION("""COMPUTED_VALUE"""),3.0) -> 3 | D77: 2 | E77: SPPBE-PT. Pancadarma Puspawira Putra | G77: 76 | H77: =IFERROR(__xludf.DUMMYFUNCTION("""COMPUTED_VALUE"""),"DK 8611 AO") -> DK 8611 AO | I77: =IFERROR(__xludf.DUMMYFUNCTION("""COMPUTED_VALUE"""),"TLPG LOMBOK") -> TLPG LOMBOK | J77: =IFERROR(__xludf.DUMMYFUNCTION("""COMPUTED_VALUE"""),3.0) -> 3
A78: =IFERROR(__xludf.DUMMYFUNCTION("""COMPUTED_VALUE"""),"DK 8146 BZ") -> DK 8146 BZ | B78: =IFERROR(__xludf.DUMMYFUNCTION("""COMPUTED_VALUE"""),"TLPG MANGGIS") -> TLPG MANGGIS | C78: =IFERROR(__xludf.DUMMYFUNCTION("""COMPUTED_VALUE"""),3.0) -> 3 | D78: 4 | E78: SPPBE-PT. Pande Agung Dewata | G78: 77 | H78: =IFERROR(__xludf.DUMMYFUNCTION("""COMPUTED_VALUE"""),"AG 8654 UZ") -> AG 8654 UZ | I78: =IFERROR(__xludf.DUMMYFUNCTION("""COMPUTED_VALUE"""),"TLPG TJ PERAK") -> TLPG TJ PERAK | J78: =IFERROR(__xludf.DUMMYFUNCTION("""COMPUTED_VALUE"""),3.0) -> 3
A79: =IFERROR(__xludf.DUMMYFUNCTION("""COMPUTED_VALUE"""),"DK 8596 AO") -> DK 8596 AO | B79: =IFERROR(__xludf.DUMMYFUNCTION("""COMPUTED_VALUE"""),"TLPG LOMBOK") -> TLPG LOMBOK | C79: =IFERROR(__xludf.DUMMYFUNCTION("""COMPUTED_VALUE"""),3.0) -> 3 | D79: 3 | E79: SPPBE-PT. Permata Indah Dewata | G79: 78 | H79: =IFERROR(__xludf.DUMMYFUNCTION("""COMPUTED_VALUE"""),"N 9307 WD") -> N 9307 WD | I79: =IFERROR(__xludf.DUMMYFUNCTION("""COMPUTED_VALUE"""),"TLPG TJ PERAK") -> TLPG TJ PERAK | J79: =IFERROR(__xludf.DUMMYFUNCTION("""COMPUTED_VALUE"""),3.0) -> 3
A80: =IFERROR(__xludf.DUMMYFUNCTION("""COMPUTED_VALUE"""),"DK 8611 AO") -> DK 8611 AO | B80: =IFERROR(__xludf.DUMMYFUNCTION("""COMPUTED_VALUE"""),"TLPG LOMBOK") -> TLPG LOMBOK | C80: =IFERROR(__xludf.DUMMYFUNCTION("""COMPUTED_VALUE"""),3.0) -> 3 | D80: 3 | E80: SPPBE-PT. Permata Indah Dewata | G80: 79 | H80: =IFERROR(__xludf.DUMMYFUNCTION("""COMPUTED_VALUE"""),"AG 9153 UR") -> AG 9153 UR | I80: =IFERROR(__xludf.DUMMYFUNCTION("""COMPUTED_VALUE"""),"TLPG TJ PERAK") -> TLPG TJ PERAK | J80: =IFERROR(__xludf.DUMMYFUNCTION("""COMPUTED_VALUE"""),3.0) -> 3
A81: =IFERROR(__xludf.DUMMYFUNCTION("""COMPUTED_VALUE"""),"L 8083 CA") -> L 8083 CA | B81: =IFERROR(__xludf.DUMMYFUNCTION("""COMPUTED_VALUE"""),"TLPG TJ WANGI") -> TLPG TJ WANGI | C81: =IFERROR(__xludf.DUMMYFUNCTION("""COMPUTED_VALUE"""),3.0) -> 3 | D81: 2 | E81: PT KARYA GEMILANG GAS SEJAHTERA | G81: 80 | H81: =IFERROR(__xludf.DUMMYFUNCTION("""COMPUTED_VALUE"""),"DK 8236 GH") -> DK 8236 GH | I81: =IFERROR(__xludf.DUMMYFUNCTION("""COMPUTED_VALUE"""),"TLPG MANGGIS") -> TLPG MANGGIS | J81: =IFERROR(__xludf.DUMMYFUNCTION("""COMPUTED_VALUE"""),3.0) -> 3
A82: =IFERROR(__xludf.DUMMYFUNCTION("""COMPUTED_VALUE"""),"L 9837 UJ") -> L 9837 UJ | B82: =IFERROR(__xludf.DUMMYFUNCTION("""COMPUTED_VALUE"""),"TLPG MEM GRESIK") -> TLPG MEM GRESIK | C82: =IFERROR(__xludf.DUMMYFUNCTION("""COMPUTED_VALUE"""),3.0) -> 3 | D82: 4 | E82: PT PATRA NIAGA | G82: 81 | H82: =IFERROR(__xludf.DUMMYFUNCTION("""COMPUTED_VALUE"""),"DK 8268 HH") -> DK 8268 HH | I82: =IFERROR(__xludf.DUMMYFUNCTION("""COMPUTED_VALUE"""),"TLPG MANGGIS") -> TLPG MANGGIS | J82: =IFERROR(__xludf.DUMMYFUNCTION("""COMPUTED_VALUE"""),3.0) -> 3
A83: =IFERROR(__xludf.DUMMYFUNCTION("""COMPUTED_VALUE"""),"N 8782 UR") -> N 8782 UR | B83: =IFERROR(__xludf.DUMMYFUNCTION("""COMPUTED_VALUE"""),"TLPG TJ WANGI") -> TLPG TJ WANGI | C83: =IFERROR(__xludf.DUMMYFUNCTION("""COMPUTED_VALUE"""),3.0) -> 3 | D83: 6 | E83: Data Company Belum Ada | G83: 82 | H83: =IFERROR(__xludf.DUMMYFUNCTION("""COMPUTED_VALUE"""),"DK 8285 DT") -> DK 8285 DT | I83: =IFERROR(__xludf.DUMMYFUNCTION("""COMPUTED_VALUE"""),"TLPG MANGGIS") -> TLPG MANGGIS | J83: =IFERROR(__xludf.DUMMYFUNCTION("""COMPUTED_VALUE"""),3.0) -> 3
A84: =IFERROR(__xludf.DUMMYFUNCTION("""COMPUTED_VALUE"""),"P 8277 UG") -> P 8277 UG | B84: =IFERROR(__xludf.DUMMYFUNCTION("""COMPUTED_VALUE"""),"TLPG TJ WANGI") -> TLPG TJ WANGI | C84: =IFERROR(__xludf.DUMMYFUNCTION("""COMPUTED_VALUE"""),3.0) -> 3 | D84: 4 | E84: Data Company Belum Ada | G84: 83 | H84: =IFERROR(__xludf.DUMMYFUNCTION("""COMPUTED_VALUE"""),"B 9713 SFU") -> B 9713 SFU | I84: =IFERROR(__xludf.DUMMYFUNCTION("""COMPUTED_VALUE"""),"TLPG TJ WANGI") -> TLPG TJ WANGI | J84: =IFERROR(__xludf.DUMMYFUNCTION("""COMPUTED_VALUE"""),4.0) -> 4
A85: =IFERROR(__xludf.DUMMYFUNCTION("""COMPUTED_VALUE"""),"AG 8223 LB") -> AG 8223 LB | B85: =IFERROR(__xludf.DUMMYFUNCTION("""COMPUTED_VALUE"""),"TLPG TJ PERAK") -> TLPG TJ PERAK | C85: =IFERROR(__xludf.DUMMYFUNCTION("""COMPUTED_VALUE"""),4.0) -> 4 | D85: 4 | E85: PT RAMA MANGGALA GAS | G85: 84 | H85: =IFERROR(__xludf.DUMMYFUNCTION("""COMPUTED_VALUE"""),"B 9869 SFV") -> B 9869 SFV | I85: =IFERROR(__xludf.DUMMYFUNCTION("""COMPUTED_VALUE"""),"TLPG MEM GRESIK") -> TLPG MEM GRESIK | J85: =IFERROR(__xludf.DUMMYFUNCTION("""COMPUTED_VALUE"""),4.0) -> 4
A86: =IFERROR(__xludf.DUMMYFUNCTION("""COMPUTED_VALUE"""),"AG 8654 UZ") -> AG 8654 UZ | B86: =IFERROR(__xludf.DUMMYFUNCTION("""COMPUTED_VALUE"""),"TLPG TJ PERAK") -> TLPG TJ PERAK | C86: =IFERROR(__xludf.DUMMYFUNCTION("""COMPUTED_VALUE"""),4.0) -> 4 | D86: 3 | E86: PT DIAN EL HADA | G86: 85 | H86: =IFERROR(__xludf.DUMMYFUNCTION("""COMPUTED_VALUE"""),"B 9884 SFU") -> B 9884 SFU | I86: =IFERROR(__xludf.DUMMYFUNCTION("""COMPUTED_VALUE"""),"TLPG MEM GRESIK") -> TLPG MEM GRESIK | J86: =IFERROR(__xludf.DUMMYFUNCTION("""COMPUTED_VALUE"""),4.0) -> 4
A87: =IFERROR(__xludf.DUMMYFUNCTION("""COMPUTED_VALUE"""),"AG 8701 UO") -> AG 8701 UO | B87: =IFERROR(__xludf.DUMMYFUNCTION("""COMPUTED_VALUE"""),"TLPG TJ PERAK") -> TLPG TJ PERAK | C87: =IFERROR(__xludf.DUMMYFUNCTION("""COMPUTED_VALUE"""),4.0) -> 4 | D87: 4 | E87: PT MODERNA TEHNIK PERKASA | G87: 86 | H87: =IFERROR(__xludf.DUMMYFUNCTION("""COMPUTED_VALUE"""),"DK 8146 BZ") -> DK 8146 BZ | I87: =IFERROR(__xludf.DUMMYFUNCTION("""COMPUTED_VALUE"""),"TLPG MANGGIS") -> TLPG MANGGIS | J87: =IFERROR(__xludf.DUMMYFUNCTION("""COMPUTED_VALUE"""),4.0) -> 4
A88: =IFERROR(__xludf.DUMMYFUNCTION("""COMPUTED_VALUE"""),"AG 8702 UO") -> AG 8702 UO | B88: =IFERROR(__xludf.DUMMYFUNCTION("""COMPUTED_VALUE"""),"TLPG TJ PERAK") -> TLPG TJ PERAK | C88: =IFERROR(__xludf.DUMMYFUNCTION("""COMPUTED_VALUE"""),4.0) -> 4 | D88: 4 | E88: PT MODERNA TEHNIK PERKASA | G88: 87 | H88: =IFERROR(__xludf.DUMMYFUNCTION("""COMPUTED_VALUE"""),"L 9837 UJ") -> L 9837 UJ | I88: =IFERROR(__xludf.DUMMYFUNCTION("""COMPUTED_VALUE"""),"TLPG MEM GRESIK") -> TLPG MEM GRESIK | J88: =IFERROR(__xludf.DUMMYFUNCTION("""COMPUTED_VALUE"""),4.0) -> 4
A89: =IFERROR(__xludf.DUMMYFUNCTION("""COMPUTED_VALUE"""),"AG 8717 UO") -> AG 8717 UO | B89: =IFERROR(__xludf.DUMMYFUNCTION("""COMPUTED_VALUE"""),"TLPG TJ PERAK") -> TLPG TJ PERAK | C89: =IFERROR(__xludf.DUMMYFUNCTION("""COMPUTED_VALUE"""),4.0) -> 4 | D89: 4 | E89: PT MODERNA TEHNIK PERKASA | G89: 88 | H89: =IFERROR(__xludf.DUMMYFUNCTION("""COMPUTED_VALUE"""),"P 8277 UG") -> P 8277 UG | I89: =IFERROR(__xludf.DUMMYFUNCTION("""COMPUTED_VALUE"""),"TLPG TJ WANGI") -> TLPG TJ WANGI | J89: =IFERROR(__xludf.DUMMYFUNCTION("""COMPUTED_VALUE"""),4.0) -> 4
A90: =IFERROR(__xludf.DUMMYFUNCTION("""COMPUTED_VALUE"""),"AG 8817 UK") -> AG 8817 UK | B90: =IFERROR(__xludf.DUMMYFUNCTION("""COMPUTED_VALUE"""),"TLPG TJ PERAK") -> TLPG TJ PERAK | C90: =IFERROR(__xludf.DUMMYFUNCTION("""COMPUTED_VALUE"""),4.0) -> 4 | D90: 4 | E90: PT RAMA MANGGALA GAS | G90: 89 | H90: =IFERROR(__xludf.DUMMYFUNCTION("""COMPUTED_VALUE"""),"AG 8223 LB") -> AG 8223 LB | I90: =IFERROR(__xludf.DUMMYFUNCTION("""COMPUTED_VALUE"""),"TLPG TJ PERAK") -> TLPG TJ PERAK | J90: =IFERROR(__xludf.DUMMYFUNCTION("""COMPUTED_VALUE"""),4.0) -> 4
A91: =IFERROR(__xludf.DUMMYFUNCTION("""COMPUTED_VALUE"""),"AG 8817 UT") -> AG 8817 UT | B91: =IFERROR(__xludf.DUMMYFUNCTION("""COMPUTED_VALUE"""),"TLPG TJ PERAK") -> TLPG TJ PERAK | C91: =IFERROR(__xludf.DUMMYFUNCTION("""COMPUTED_VALUE"""),4.0) -> 4 | D91: 5 | E91: PT GANGSAR SENTOSA PETROLIUM | G91: 90 | H91: =IFERROR(__xludf.DUMMYFUNCTION("""COMPUTED_VALUE"""),"AG 8701 UO") -> AG 8701 UO | I91: =IFERROR(__xludf.DUMMYFUNCTION("""COMPUTED_VALUE"""),"TLPG TJ PERAK") -> TLPG TJ PERAK | J91: =IFERROR(__xludf.DUMMYFUNCTION("""COMPUTED_VALUE"""),4.0) -> 4
A92: =IFERROR(__xludf.DUMMYFUNCTION("""COMPUTED_VALUE"""),"AG 8818 UK") -> AG 8818 UK | B92: =IFERROR(__xludf.DUMMYFUNCTION("""COMPUTED_VALUE"""),"TLPG TJ PERAK") -> TLPG TJ PERAK | C92: =IFERROR(__xludf.DUMMYFUNCTION("""COMPUTED_VALUE"""),4.0) -> 4 | D92: 4 | E92: PT RAMA MANGGALA GAS | G92: 91 | H92: =IFERROR(__xludf.DUMMYFUNCTION("""COMPUTED_VALUE"""),"AG 8702 UO") -> AG 8702 UO | I92: =IFERROR(__xludf.DUMMYFUNCTION("""COMPUTED_VALUE"""),"TLPG TJ PERAK") -> TLPG TJ PERAK | J92: =IFERROR(__xludf.DUMMYFUNCTION("""COMPUTED_VALUE"""),4.0) -> 4
A93: =IFERROR(__xludf.DUMMYFUNCTION("""COMPUTED_VALUE"""),"AG 8818 UT") -> AG 8818 UT | B93: =IFERROR(__xludf.DUMMYFUNCTION("""COMPUTED_VALUE"""),"TLPG TJ PERAK") -> TLPG TJ PERAK | C93: =IFERROR(__xludf.DUMMYFUNCTION("""COMPUTED_VALUE"""),4.0) -> 4 | D93: 5 | E93: PT GANGSAR SENTOSA PETROLIUM | G93: 92 | H93: =IFERROR(__xludf.DUMMYFUNCTION("""COMPUTED_VALUE"""),"AG 8717 UO") -> AG 8717 UO | I93: =IFERROR(__xludf.DUMMYFUNCTION("""COMPUTED_VALUE"""),"TLPG TJ PERAK") -> TLPG TJ PERAK | J93: =IFERROR(__xludf.DUMMYFUNCTION("""COMPUTED_VALUE"""),4.0) -> 4
A94: =IFERROR(__xludf.DUMMYFUNCTION("""COMPUTED_VALUE"""),"B 9088 SEI") -> B 9088 SEI | B94: =IFERROR(__xludf.DUMMYFUNCTION("""COMPUTED_VALUE"""),"TLPG MEM GRESIK") -> TLPG MEM GRESIK | C94: =IFERROR(__xludf.DUMMYFUNCTION("""COMPUTED_VALUE"""),4.0) -> 4 | D94: 5 | E94: PT PATRA NIAGA | G94: 93 | H94: =IFERROR(__xludf.DUMMYFUNCTION("""COMPUTED_VALUE"""),"AG 8817 UK") -> AG 8817 UK | I94: =IFERROR(__xludf.DUMMYFUNCTION("""COMPUTED_VALUE"""),"TLPG TJ PERAK") -> TLPG TJ PERAK | J94: =IFERROR(__xludf.DUMMYFUNCTION("""COMPUTED_VALUE"""),4.0) -> 4
A95: =IFERROR(__xludf.DUMMYFUNCTION("""COMPUTED_VALUE"""),"B 9882 SFU") -> B 9882 SFU | B95: =IFERROR(__xludf.DUMMYFUNCTION("""COMPUTED_VALUE"""),"TLPG MEM GRESIK") -> TLPG MEM GRESIK | C95: =IFERROR(__xludf.DUMMYFUNCTION("""COMPUTED_VALUE"""),4.0) -> 4 | D95: 5 | E95: PT PATRA NIAGA | G95: 94 | H95: =IFERROR(__xludf.DUMMYFUNCTION("""COMPUTED_VALUE"""),"AG 8818 UK") -> AG 8818 UK | I95: =IFERROR(__xludf.DUMMYFUNCTION("""COMPUTED_VALUE"""),"TLPG TJ PERAK") -> TLPG TJ PERAK | J95: =IFERROR(__xludf.DUMMYFUNCTION("""COMPUTED_VALUE"""),4.0) -> 4
A96: =IFERROR(__xludf.DUMMYFUNCTION("""COMPUTED_VALUE"""),"B 9883 SFU") -> B 9883 SFU | B96: =IFERROR(__xludf.DUMMYFUNCTION("""COMPUTED_VALUE"""),"TLPG MEM GRESIK") -> TLPG MEM GRESIK | C96: =IFERROR(__xludf.DUMMYFUNCTION("""COMPUTED_VALUE"""),4.0) -> 4 | D96: 5 | E96: PT PATRA NIAGA | G96: 95 | H96: =IFERROR(__xludf.DUMMYFUNCTION("""COMPUTED_VALUE"""),"L 8013 UX") -> L 8013 UX | I96: =IFERROR(__xludf.DUMMYFUNCTION("""COMPUTED_VALUE"""),"TLPG MEM GRESIK") -> TLPG MEM GRESIK | J96: =IFERROR(__xludf.DUMMYFUNCTION("""COMPUTED_VALUE"""),4.0) -> 4
A97: =IFERROR(__xludf.DUMMYFUNCTION("""COMPUTED_VALUE"""),"DK 8148 TS") -> DK 8148 TS | B97: =IFERROR(__xludf.DUMMYFUNCTION("""COMPUTED_VALUE"""),"TLPG MANGGIS") -> TLPG MANGGIS | C97: =IFERROR(__xludf.DUMMYFUNCTION("""COMPUTED_VALUE"""),4.0) -> 4 | D97: 1 | E97: SPPBE-PT. Gasari Mas Timur | G97: 96 | H97: =IFERROR(__xludf.DUMMYFUNCTION("""COMPUTED_VALUE"""),"L 8440 UD") -> L 8440 UD | I97: =IFERROR(__xludf.DUMMYFUNCTION("""COMPUTED_VALUE"""),"TLPG MEM GRESIK") -> TLPG MEM GRESIK | J97: =IFERROR(__xludf.DUMMYFUNCTION("""COMPUTED_VALUE"""),4.0) -> 4
A98: =IFERROR(__xludf.DUMMYFUNCTION("""COMPUTED_VALUE"""),"DK 8170 UB") -> DK 8170 UB | B98: =IFERROR(__xludf.DUMMYFUNCTION("""COMPUTED_VALUE"""),"TLPG MANGGIS") -> TLPG MANGGIS | C98: =IFERROR(__xludf.DUMMYFUNCTION("""COMPUTED_VALUE"""),4.0) -> 4 | D98: 5 | E98: PT. Ayu Sari Pertiwi | G98: 97 | H98: =IFERROR(__xludf.DUMMYFUNCTION("""COMPUTED_VALUE"""),"L 8537 UD") -> L 8537 UD | I98: =IFERROR(__xludf.DUMMYFUNCTION("""COMPUTED_VALUE"""),"TLPG TJ PERAK") -> TLPG TJ PERAK | J98: =IFERROR(__xludf.DUMMYFUNCTION("""COMPUTED_VALUE"""),4.0) -> 4
A99: =IFERROR(__xludf.DUMMYFUNCTION("""COMPUTED_VALUE"""),"DK 8197 BK") -> DK 8197 BK | B99: =IFERROR(__xludf.DUMMYFUNCTION("""COMPUTED_VALUE"""),"TLPG MANGGIS") -> TLPG MANGGIS | C99: =IFERROR(__xludf.DUMMYFUNCTION("""COMPUTED_VALUE"""),4.0) -> 4 | D99: 1 | E99: SPPBE-PT. Sari Dharma Mandiri | G99: 98 | H99: =IFERROR(__xludf.DUMMYFUNCTION("""COMPUTED_VALUE"""),"AE 8527 UJ") -> AE 8527 UJ | I99: =IFERROR(__xludf.DUMMYFUNCTION("""COMPUTED_VALUE"""),"TLPG TJ PERAK") -> TLPG TJ PERAK | J99: =IFERROR(__xludf.DUMMYFUNCTION("""COMPUTED_VALUE"""),4.0) -> 4
A100: =IFERROR(__xludf.DUMMYFUNCTION("""COMPUTED_VALUE"""),"DK 8773 MG") -> DK 8773 MG | B100: =IFERROR(__xludf.DUMMYFUNCTION("""COMPUTED_VALUE"""),"TLPG LOMBOK") -> TLPG LOMBOK | C100: =IFERROR(__xludf.DUMMYFUNCTION("""COMPUTED_VALUE"""),4.0) -> 4 | D100: 5 | E100: SPPBE-PT. Harapan Jaya Utama | G100: 99 | H100: =IFERROR(__xludf.DUMMYFUNCTION("""COMPUTED_VALUE"""),"AE 8858 UT") -> AE 8858 UT | I100: =IFERROR(__xludf.DUMMYFUNCTION("""COMPUTED_VALUE"""),"TLPG TJ PERAK") -> TLPG TJ PERAK | J100: =IFERROR(__xludf.DUMMYFUNCTION("""COMPUTED_VALUE"""),4.0) -> 4
...

Sheet PC SET UTAMA
A1: =IFERROR(__xludf.DUMMYFUNCTION("QUERY( {'ROTASI SETTINGS'!I2:I1000,'ROTASI SETTINGS'!A2:C1000}, ""select Col1, Col2, Col3, Col4 where Col2 is not null order by Col1, Col2 label Col1 'PC', Col2 'NOPOL', Col3 'TLPG', Col4 'PERUSAHAAN'"", 0 )"),"PC") -> PC | B1: =IFERROR(__xludf.DUMMYFUNCTION("""COMPUTED_VALUE"""),"NOPOL") -> NOPOL | C1: =IFERROR(__xludf.DUMMYFUNCTION("""COMPUTED_VALUE"""),"TLPG") -> TLPG | D1: =IFERROR(__xludf.DUMMYFUNCTION("""COMPUTED_VALUE"""),"PERUSAHAAN") -> PERUSAHAAN | E1: PC FINAL
A2: =IFERROR(__xludf.DUMMYFUNCTION("""COMPUTED_VALUE"""),1.0) -> 1 | B2: =IFERROR(__xludf.DUMMYFUNCTION("""COMPUTED_VALUE"""),"AE 8518 UJ") -> AE 8518 UJ | C2: =IFERROR(__xludf.DUMMYFUNCTION("""COMPUTED_VALUE"""),"TLPG TJ PERAK") -> TLPG TJ PERAK | D2: =IFERROR(__xludf.DUMMYFUNCTION("""COMPUTED_VALUE"""),"PT NUR WISTARA ABADI") -> PT NUR WISTARA ABADI | E2: PC 1
A3: =IFERROR(__xludf.DUMMYFUNCTION("""COMPUTED_VALUE"""),1.0) -> 1 | B3: =IFERROR(__xludf.DUMMYFUNCTION("""COMPUTED_VALUE"""),"AE 9401 UJ") -> AE 9401 UJ | C3: =IFERROR(__xludf.DUMMYFUNCTION("""COMPUTED_VALUE"""),"TLPG TJ PERAK") -> TLPG TJ PERAK | D3: =IFERROR(__xludf.DUMMYFUNCTION("""COMPUTED_VALUE"""),"PT SUMINAR MITRAGAS SELARAS") -> PT SUMINAR MITRAGAS SELARAS
A4: =IFERROR(__xludf.DUMMYFUNCTION("""COMPUTED_VALUE"""),1.0) -> 1 | B4: =IFERROR(__xludf.DUMMYFUNCTION("""COMPUTED_VALUE"""),"AG 8384 UE") -> AG 8384 UE | C4: =IFERROR(__xludf.DUMMYFUNCTION("""COMPUTED_VALUE"""),"TLPG TJ PERAK") -> TLPG TJ PERAK | D4: =IFERROR(__xludf.DUMMYFUNCTION("""COMPUTED_VALUE"""),"PT SURYA ADHILESTARI") -> PT SURYA ADHILESTARI
A5: =IFERROR(__xludf.DUMMYFUNCTION("""COMPUTED_VALUE"""),1.0) -> 1 | B5: =IFERROR(__xludf.DUMMYFUNCTION("""COMPUTED_VALUE"""),"AG 8818 UT") -> AG 8818 UT | C5: =IFERROR(__xludf.DUMMYFUNCTION("""COMPUTED_VALUE"""),"TLPG TJ PERAK") -> TLPG TJ PERAK | D5: =IFERROR(__xludf.DUMMYFUNCTION("""COMPUTED_VALUE"""),"PT GANGSAR SENTOSA PETROLIUM") -> PT GANGSAR SENTOSA PETROLIUM
A6: =IFERROR(__xludf.DUMMYFUNCTION("""COMPUTED_VALUE"""),1.0) -> 1 | B6: =IFERROR(__xludf.DUMMYFUNCTION("""COMPUTED_VALUE"""),"B 9070 SEJ") -> B 9070 SEJ | C6: =IFERROR(__xludf.DUMMYFUNCTION("""COMPUTED_VALUE"""),"TLPG TJ WANGI") -> TLPG TJ WANGI | D6: =IFERROR(__xludf.DUMMYFUNCTION("""COMPUTED_VALUE"""),"Data Company Belum Ada") -> Data Company Belum Ada
A7: =IFERROR(__xludf.DUMMYFUNCTION("""COMPUTED_VALUE"""),1.0) -> 1 | B7: =IFERROR(__xludf.DUMMYFUNCTION("""COMPUTED_VALUE"""),"B 9123 SEI") -> B 9123 SEI | C7: =IFERROR(__xludf.DUMMYFUNCTION("""COMPUTED_VALUE"""),"TLPG MEM GRESIK") -> TLPG MEM GRESIK | D7: =IFERROR(__xludf.DUMMYFUNCTION("""COMPUTED_VALUE"""),"PT PATRA NIAGA") -> PT PATRA NIAGA
A8: =IFERROR(__xludf.DUMMYFUNCTION("""COMPUTED_VALUE"""),1.0) -> 1 | B8: =IFERROR(__xludf.DUMMYFUNCTION("""COMPUTED_VALUE"""),"B 9144 SEJ") -> B 9144 SEJ | C8: =IFERROR(__xludf.DUMMYFUNCTION("""COMPUTED_VALUE"""),"TLPG TJ WANGI") -> TLPG TJ WANGI | D8: =IFERROR(__xludf.DUMMYFUNCTION("""COMPUTED_VALUE"""),"Data Company Belum Ada") -> Data Company Belum Ada
A9: =IFERROR(__xludf.DUMMYFUNCTION("""COMPUTED_VALUE"""),1.0) -> 1 | B9: =IFERROR(__xludf.DUMMYFUNCTION("""COMPUTED_VALUE"""),"B 9874 SFV") -> B 9874 SFV | C9: =IFERROR(__xludf.DUMMYFUNCTION("""COMPUTED_VALUE"""),"TLPG MEM GRESIK") -> TLPG MEM GRESIK | D9: =IFERROR(__xludf.DUMMYFUNCTION("""COMPUTED_VALUE"""),"PT PATRA LOGISTIK") -> PT PATRA LOGISTIK
A10: =IFERROR(__xludf.DUMMYFUNCTION("""COMPUTED_VALUE"""),1.0) -> 1 | B10: =IFERROR(__xludf.DUMMYFUNCTION("""COMPUTED_VALUE"""),"DK 8394 CP") -> DK 8394 CP | C10: =IFERROR(__xludf.DUMMYFUNCTION("""COMPUTED_VALUE"""),"TLPG MANGGIS") -> TLPG MANGGIS | D10: =IFERROR(__xludf.DUMMYFUNCTION("""COMPUTED_VALUE"""),"SPPBE-PT. Sadikun LPG 3Kg") -> SPPBE-PT. Sadikun LPG 3Kg
A11: =IFERROR(__xludf.DUMMYFUNCTION("""COMPUTED_VALUE"""),1.0) -> 1 | B11: =IFERROR(__xludf.DUMMYFUNCTION("""COMPUTED_VALUE"""),"DR 8309 LH") -> DR 8309 LH | C11: =IFERROR(__xludf.DUMMYFUNCTION("""COMPUTED_VALUE"""),"TLPG LOMBOK") -> TLPG LOMBOK | D11: =IFERROR(__xludf.DUMMYFUNCTION("""COMPUTED_VALUE"""),"SPPBE-PT. Bintang Energi Abadi") -> SPPBE-PT. Bintang Energi Abadi
A12: =IFERROR(__xludf.DUMMYFUNCTION("""COMPUTED_VALUE"""),1.0) -> 1 | B12: =IFERROR(__xludf.DUMMYFUNCTION("""COMPUTED_VALUE"""),"DR 8543 AG") -> DR 8543 AG | C12: =IFERROR(__xludf.DUMMYFUNCTION("""COMPUTED_VALUE"""),"TLPG LOMBOK") -> TLPG LOMBOK | D12: =IFERROR(__xludf.DUMMYFUNCTION("""COMPUTED_VALUE"""),"SPPBE-PT. Lombok Menara Energigas") -> SPPBE-PT. Lombok Menara Energigas
A13: =IFERROR(__xludf.DUMMYFUNCTION("""COMPUTED_VALUE"""),1.0) -> 1 | B13: =IFERROR(__xludf.DUMMYFUNCTION("""COMPUTED_VALUE"""),"DR 8761 DC") -> DR 8761 DC | C13: =IFERROR(__xludf.DUMMYFUNCTION("""COMPUTED_VALUE"""),"TLPG LOMBOK") -> TLPG LOMBOK | D13: =IFERROR(__xludf.DUMMYFUNCTION("""COMPUTED_VALUE"""),"SPPBE-PT. Om Agus") -> SPPBE-PT. Om Agus
A14: =IFERROR(__xludf.DUMMYFUNCTION("""COMPUTED_VALUE"""),1.0) -> 1 | B14: =IFERROR(__xludf.DUMMYFUNCTION("""COMPUTED_VALUE"""),"L 8116 UUC") -> L 8116 UUC | C14: =IFERROR(__xludf.DUMMYFUNCTION("""COMPUTED_VALUE"""),"TLPG BIMA") -> TLPG BIMA | D14: =IFERROR(__xludf.DUMMYFUNCTION("""COMPUTED_VALUE"""),"PT. SUMBAWA DUTA ENERGY") -> PT. SUMBAWA DUTA ENERGY
A15: =IFERROR(__xludf.DUMMYFUNCTION("""COMPUTED_VALUE"""),1.0) -> 1 | B15: =IFERROR(__xludf.DUMMYFUNCTION("""COMPUTED_VALUE"""),"L 8192 UX") -> L 8192 UX | C15: =IFERROR(__xludf.DUMMYFUNCTION("""COMPUTED_VALUE"""),"TLPG MEM GRESIK") -> TLPG MEM GRESIK | D15: =IFERROR(__xludf.DUMMYFUNCTION("""COMPUTED_VALUE"""),"PT PERMATA ENERGI BUMI INDONESIA") -> PT PERMATA ENERGI BUMI INDONESIA
A16: =IFERROR(__xludf.DUMMYFUNCTION("""COMPUTED_VALUE"""),1.0) -> 1 | B16: =IFERROR(__xludf.DUMMYFUNCTION("""COMPUTED_VALUE"""),"L 8333 UCA") -> L 8333 UCA | C16: =IFERROR(__xludf.DUMMYFUNCTION("""COMPUTED_VALUE"""),"TLPG TJ PERAK") -> TLPG TJ PERAK | D16: =IFERROR(__xludf.DUMMYFUNCTION("""COMPUTED_VALUE"""),"PT GEHA INTI CITRA") -> PT GEHA INTI CITRA
A17: =IFERROR(__xludf.DUMMYFUNCTION("""COMPUTED_VALUE"""),1.0) -> 1 | B17: =IFERROR(__xludf.DUMMYFUNCTION("""COMPUTED_VALUE"""),"L 9476 UL") -> L 9476 UL | C17: =IFERROR(__xludf.DUMMYFUNCTION("""COMPUTED_VALUE"""),"TLPG TJ PERAK") -> TLPG TJ PERAK | D17: =IFERROR(__xludf.DUMMYFUNCTION("""COMPUTED_VALUE"""),"PT HELA CITRA AGUNG") -> PT HELA CITRA AGUNG
A18: =IFERROR(__xludf.DUMMYFUNCTION("""COMPUTED_VALUE"""),1.0) -> 1 | B18: =IFERROR(__xludf.DUMMYFUNCTION("""COMPUTED_VALUE"""),"L 9822 UE") -> L 9822 UE | C18: =IFERROR(__xludf.DUMMYFUNCTION("""COMPUTED_VALUE"""),"TLPG TJ PERAK") -> TLPG TJ PERAK | D18: =IFERROR(__xludf.DUMMYFUNCTION("""COMPUTED_VALUE"""),"PT DHARMA TECH INFOMEDIA") -> PT DHARMA TECH INFOMEDIA
A19: =IFERROR(__xludf.DUMMYFUNCTION("""COMPUTED_VALUE"""),1.0) -> 1 | B19: =IFERROR(__xludf.DUMMYFUNCTION("""COMPUTED_VALUE"""),"N 8660 UH") -> N 8660 UH | C19: =IFERROR(__xludf.DUMMYFUNCTION("""COMPUTED_VALUE"""),"TLPG TJ PERAK") -> TLPG TJ PERAK | D19: =IFERROR(__xludf.DUMMYFUNCTION("""COMPUTED_VALUE"""),"PT TRIEN GASMIKU") -> PT TRIEN GASMIKU
A20: =IFERROR(__xludf.DUMMYFUNCTION("""COMPUTED_VALUE"""),1.0) -> 1 | B20: =IFERROR(__xludf.DUMMYFUNCTION("""COMPUTED_VALUE"""),"N 8661 UR") -> N 8661 UR | C20: =IFERROR(__xludf.DUMMYFUNCTION("""COMPUTED_VALUE"""),"TLPG TJ PERAK") -> TLPG TJ PERAK | D20: =IFERROR(__xludf.DUMMYFUNCTION("""COMPUTED_VALUE"""),"PT SUMBER GAS INTI UTAMA") -> PT SUMBER GAS INTI UTAMA
A21: =IFERROR(__xludf.DUMMYFUNCTION("""COMPUTED_VALUE"""),1.0) -> 1 | B21: =IFERROR(__xludf.DUMMYFUNCTION("""COMPUTED_VALUE"""),"N 8714 US") -> N 8714 US | C21: =IFERROR(__xludf.DUMMYFUNCTION("""COMPUTED_VALUE"""),"TLPG TJ PERAK") -> TLPG TJ PERAK | D21: =IFERROR(__xludf.DUMMYFUNCTION("""COMPUTED_VALUE"""),"PT ANUGERAH JATI UTAMA") -> PT ANUGERAH JATI UTAMA
A22: =IFERROR(__xludf.DUMMYFUNCTION("""COMPUTED_VALUE"""),1.0) -> 1 | B22: =IFERROR(__xludf.DUMMYFUNCTION("""COMPUTED_VALUE"""),"N 9287 UN") -> N 9287 UN | C22: =IFERROR(__xludf.DUMMYFUNCTION("""COMPUTED_VALUE"""),"TLPG TJ WANGI") -> TLPG TJ WANGI | D22: =IFERROR(__xludf.DUMMYFUNCTION("""COMPUTED_VALUE"""),"PT HAKAMINDO PETROCHEM") -> PT HAKAMINDO PETROCHEM
A23: =IFERROR(__xludf.DUMMYFUNCTION("""COMPUTED_VALUE"""),1.0) -> 1 | B23: =IFERROR(__xludf.DUMMYFUNCTION("""COMPUTED_VALUE"""),"N 9424 UU") -> N 9424 UU | C23: =IFERROR(__xludf.DUMMYFUNCTION("""COMPUTED_VALUE"""),"TLPG TJ PERAK") -> TLPG TJ PERAK | D23: =IFERROR(__xludf.DUMMYFUNCTION("""COMPUTED_VALUE"""),"PT ANUGRAH SURYA MANDALA") -> PT ANUGRAH SURYA MANDALA
A24: =IFERROR(__xludf.DUMMYFUNCTION("""COMPUTED_VALUE"""),1.0) -> 1 | B24: =IFERROR(__xludf.DUMMYFUNCTION("""COMPUTED_VALUE"""),"N 9502 UG") -> N 9502 UG | C24: =IFERROR(__xludf.DUMMYFUNCTION("""COMPUTED_VALUE"""),"TLPG TJ PERAK") -> TLPG TJ PERAK | D24: =IFERROR(__xludf.DUMMYFUNCTION("""COMPUTED_VALUE"""),"PT PETROGAS JATIM UTAMA") -> PT PETROGAS JATIM UTAMA
A25: =IFERROR(__xludf.DUMMYFUNCTION("""COMPUTED_VALUE"""),1.0) -> 1 | B25: =IFERROR(__xludf.DUMMYFUNCTION("""COMPUTED_VALUE"""),"N 9659 UG") -> N 9659 UG | C25: =IFERROR(__xludf.DUMMYFUNCTION("""COMPUTED_VALUE"""),"TLPG MEM GRESIK") -> TLPG MEM GRESIK | D25: =IFERROR(__xludf.DUMMYFUNCTION("""COMPUTED_VALUE"""),"PT SINAR WAHANA SURYA") -> PT SINAR WAHANA SURYA
A26: =IFERROR(__xludf.DUMMYFUNCTION("""COMPUTED_VALUE"""),1.0) -> 1 | B26: =IFERROR(__xludf.DUMMYFUNCTION("""COMPUTED_VALUE"""),"P 8087 GG") -> P 8087 GG | C26: =IFERROR(__xludf.DUMMYFUNCTION("""COMPUTED_VALUE"""),"TLPG TJ WANGI") -> TLPG TJ WANGI | D26: =IFERROR(__xludf.DUMMYFUNCTION("""COMPUTED_VALUE"""),"PT BUMI GASINDO RAYA") -> PT BUMI GASINDO RAYA
A27: =IFERROR(__xludf.DUMMYFUNCTION("""COMPUTED_VALUE"""),1.0) -> 1 | B27: =IFERROR(__xludf.DUMMYFUNCTION("""COMPUTED_VALUE"""),"P 8821 UW") -> P 8821 UW | C27: =IFERROR(__xludf.DUMMYFUNCTION("""COMPUTED_VALUE"""),"TLPG TJ WANGI") -> TLPG TJ WANGI | D27: =IFERROR(__xludf.DUMMYFUNCTION("""COMPUTED_VALUE"""),"Data Company Belum Ada") -> Data Company Belum Ada
A28: =IFERROR(__xludf.DUMMYFUNCTION("""COMPUTED_VALUE"""),1.0) -> 1 | B28: =IFERROR(__xludf.DUMMYFUNCTION("""COMPUTED_VALUE"""),"S 8548 UN") -> S 8548 UN | C28: =IFERROR(__xludf.DUMMYFUNCTION("""COMPUTED_VALUE"""),"TLPG TJ PERAK") -> TLPG TJ PERAK | D28: =IFERROR(__xludf.DUMMYFUNCTION("""COMPUTED_VALUE"""),"PT AMANATUL UMMAH GAS") -> PT AMANATUL UMMAH GAS
A29: =IFERROR(__xludf.DUMMYFUNCTION("""COMPUTED_VALUE"""),1.0) -> 1 | B29: =IFERROR(__xludf.DUMMYFUNCTION("""COMPUTED_VALUE"""),"W 8303 PG") -> W 8303 PG | C29: =IFERROR(__xludf.DUMMYFUNCTION("""COMPUTED_VALUE"""),"TLPG TJ PERAK") -> TLPG TJ PERAK | D29: =IFERROR(__xludf.DUMMYFUNCTION("""COMPUTED_VALUE"""),"PT KARYA MEGA GAS MANDIRI") -> PT KARYA MEGA GAS MANDIRI
A30: =IFERROR(__xludf.DUMMYFUNCTION("""COMPUTED_VALUE"""),2.0) -> 2 | B30: =IFERROR(__xludf.DUMMYFUNCTION("""COMPUTED_VALUE"""),"AD 9780 AB") -> AD 9780 AB | C30: =IFERROR(__xludf.DUMMYFUNCTION("""COMPUTED_VALUE"""),"TLPG LOMBOK") -> TLPG LOMBOK | D30: =IFERROR(__xludf.DUMMYFUNCTION("""COMPUTED_VALUE"""),"SPPBE-PT. Lombok Putra Gas") -> SPPBE-PT. Lombok Putra Gas | E30: PC 2
A31: =IFERROR(__xludf.DUMMYFUNCTION("""COMPUTED_VALUE"""),2.0) -> 2 | B31: =IFERROR(__xludf.DUMMYFUNCTION("""COMPUTED_VALUE"""),"AE 8546 UJ") -> AE 8546 UJ | C31: =IFERROR(__xludf.DUMMYFUNCTION("""COMPUTED_VALUE"""),"TLPG TJ PERAK") -> TLPG TJ PERAK | D31: =IFERROR(__xludf.DUMMYFUNCTION("""COMPUTED_VALUE"""),"PT NUR WISTARA ABADI") -> PT NUR WISTARA ABADI
A32: =IFERROR(__xludf.DUMMYFUNCTION("""COMPUTED_VALUE"""),2.0) -> 2 | B32: =IFERROR(__xludf.DUMMYFUNCTION("""COMPUTED_VALUE"""),"AE 8858 UT") -> AE 8858 UT | C32: =IFERROR(__xludf.DUMMYFUNCTION("""COMPUTED_VALUE"""),"TLPG TJ PERAK") -> TLPG TJ PERAK | D32: =IFERROR(__xludf.DUMMYFUNCTION("""COMPUTED_VALUE"""),"PT GANGSAR SENTOSA PETROLIUM") -> PT GANGSAR SENTOSA PETROLIUM
A33: =IFERROR(__xludf.DUMMYFUNCTION("""COMPUTED_VALUE"""),2.0) -> 2 | B33: =IFERROR(__xludf.DUMMYFUNCTION("""COMPUTED_VALUE"""),"AG 8115 UC") -> AG 8115 UC | C33: =IFERROR(__xludf.DUMMYFUNCTION("""COMPUTED_VALUE"""),"TLPG TJ PERAK") -> TLPG TJ PERAK | D33: =IFERROR(__xludf.DUMMYFUNCTION("""COMPUTED_VALUE"""),"PT SURYA ADI LESTARI") -> PT SURYA ADI LESTARI
